,Disease,ibuprofen,acetaminophen,lidocaine,esomeprazole,pregabalin,oxycodone,fluticasone propionate,valsartan,doxycycline,eszopiclone,sildenafil,abiraterone,tadalafil,aspirin,aripiprazole,budesonide,pradaxa,celecoxib,ezetimibe,vytorin,nicotine,duloxetine,benicar,methylphenidate,insulin lispro,adalimumab,paracetamol,liraglutide,pemetrexed,fenofibrate,rivaroxaban,everolimus,capecitabine,darunavir,triamcinolone,buprenorphine,divalproex sodium,ranibizumab,castor oil,melatonin,epoetin alfa,fentanyl,hydrocodone bitartrate,ustekinumab,lyrica,rituximab,filgrastim,diovan,lantus,insulin glargine,quetiapine,tamiflu,xeloda,isentress,raltegravir,janumet,cinacalcet,atazanavir,hydrocortisone cream,novolog,insulin aspart,warfarin,rosuvastatin,lantus solostar,humira,januvia,sitagliptin,xolair,omalizumab,xarelto,vaccines,imatinib,evista,adderall xr,memantine,aranesp,darbepoetin alfa,sensipar,xgeva,denosumab,stelara,oxycontin,abilify,vyvanse,prezista,raloxifene,seroquel xr,lisdexamfetamine,copaxone,dexlansoprazole,metoprolol,trastuzumab,palivizumab,infliximab,abatacept,gravol,reyataz,pepto bismol,levemir,insulin detemir,tiotropium bromide,lucentis,tylenol pm,enbrel,etanercept,renvela,oseltamivir,crestor,aciphex,ventolin hfa,lunesta,celebrex,solifenacin,mometasone,benadryl,nexplanon,viagra,synthroid,prevnar 13,pitocin,rebif,nexium,cymbalta,flovent hfa,humalog,dexilant,epogen,adderall,remicade,cialis,proair hfa,avonex,fingolimod,synagis,alimta,humalog kwikpen,namenda,bevacizumab,lipitor,heparin,afinitor,nasonex,victoza,avonex pen,zetia,dabigatran,orencia,suboxone,neupogen,zytiga,telaprevir,ritalin,gilenya,atripla,symbicort,avastin,truvada,pegfilgrastim,levothyroxine,herceptin,complera,stribild,rabeprazole,glatiramer,neulasta,insulin,lovaza,atorvastatin,vesicare,restasis,androgel
0,hiv/aids,60447,161763,77884,7484,14600,22505,3069,7850,96909,5480,25373,1786,12532,284099,12384,14699,1669,13085,9731,889,103568,12505,1109,17191,3003,34855,25285,4056,8124,10000,12455,9921,11760,29169,36332,28929,2205,4056,8601,50287,5528,42678,2360,9903,2582,94957,8928,1425,2375,3754,15062,5386,1690,3258,40514,902,6149,44569,2706,2077,3325,139775,11251,155,3815,1597,5274,1418,15188,1035,485823,40606,1906,422,12616,1491,2370,699,655,11033,937,4323,2451,971,2876,12085,640,1661,1110,1916,24039,15893,9400,63565,8961,905,2753,208,1006,1932,972,872,413,2770,38454,281,21721,1252,1629,587,1719,3526,2903,3969,12191,459,16750,4715,399,5695,1626,2853,2278,855,2968,562,2730,2898,4975,5405,599,2020,4205,1649,904,184,2424,13963,2357,197662,3030,659,938,72,1175,11562,1736,1915,2142,275,8100,7761,694,7480,682,3141,15956,2872,14912,5254,1310,2317,5264,7127,1074,886407,1001,20828,996,1138,8445
1,covid-19,61866,30211,11922,719,3844,2084,465,10857,22939,183,6618,2625,1513,50553,1635,16985,89,4025,746,3,45755,1815,135,156,696,17360,33136,7632,2504,1219,13073,11995,5175,62696,2050,7775,0,206,620,63647,43,15433,58,11631,97,39081,304,678,1407,1481,4413,8970,15,55,3971,11,778,14840,85,62,530,14645,4489,0,1724,416,7336,101,5275,265,1165294,24390,19,2,1593,3,66,30,3,3953,679,496,227,19,308,925,0,2,168,1,4799,4407,1770,22334,6290,0,24,80,1322,202,686,23,2,311,8300,0,132819,352,130,0,50,133,6,818,343,93,1206,84,76,34,1042,206,69,0,561,1,12,1683,1570,819,50,859,25397,97,61,0,52,20196,578,221862,23,7,15,0,5,5442,22,820,61,7,2304,642,486,6,597,945,1438,412,1876,111,6,9,933,7080,0,229956,2,10014,0,7,0
2,takotsubo cardiomyopathy,3286,10342,6871,808,693,2048,177,2512,7283,550,2584,95,753,38863,1216,746,395,1220,908,68,5442,1665,0,635,676,1070,708,446,649,620,6278,1419,1081,196,1047,4480,60,926,55,843,207,3448,0,61,87,5929,440,0,608,671,1228,39,1,29,190,23,1001,301,105,89,491,37339,2438,0,55,30,515,72,358,74,7462,1945,2,10,299,51,785,0,0,529,0,296,28,2,0,555,0,38,38,210,8148,1235,668,1269,255,28,1,29,49,380,65,29,0,113,721,0,967,28,1,20,212,90,92,166,357,90,409,288,8,16,48,32,168,0,171,0,0,207,52,144,0,48,263,76,2,0,42,5108,85,37557,0,82,24,0,86,6644,0,239,28,0,370,86,24,101,28,147,190,65,2601,106,72,119,322,191,5,45879,83,3973,48,28,0
3,tuberculoses,103012,263798,118519,18580,20496,39506,7589,23877,198904,9337,38705,3574,21495,492000,23019,45403,2863,28385,14238,2563,170177,22181,3850,22889,6981,160613,43945,10189,15837,10809,19738,18041,18367,22411,54126,39981,2887,8581,40727,67740,6041,71483,2558,36142,6044,144998,13116,4248,5615,7734,23374,8078,3415,4164,23581,3275,6852,36001,3538,4894,6194,240944,15919,179,23239,3667,12622,2299,36494,2712,1309595,66235,3376,801,16170,3093,3141,1251,2030,11495,2848,8660,7561,2299,3799,18503,2056,3153,3681,4060,45203,30830,14863,250738,33226,1098,3352,536,2947,4077,2821,1602,572,8544,100293,1545,35687,2914,4686,1754,3964,7192,5478,9674,26708,655,28114,7305,429,7861,4715,7600,5225,3249,6965,1513,4285,8344,17552,14794,1560,5007,10173,2069,1973,164,4692,32217,5886,343057,5682,2287,2987,26,3163,15965,4759,4038,9128,2582,5107,15011,1862,4843,2301,5669,7205,4093,28074,8285,2508,3355,11232,12267,3088,1287780,2833,40818,1968,2064,3643
4,endocarditis,53228,160603,102501,10978,9716,25963,2111,20917,151352,7185,29387,2210,11283,407856,13287,13079,3546,14703,10247,610,70285,13698,1084,11881,8013,21770,18760,7801,8464,6782,44589,11977,9220,8286,21744,37525,1865,6247,5891,15536,5937,56548,1597,3938,2374,58913,10496,1467,3840,8604,11998,3509,925,1593,5843,1071,7178,12761,1697,2786,6750,321703,17547,41,1947,1138,7519,763,8729,1263,179523,27802,801,254,7796,1077,5813,534,784,8556,494,4737,2200,1041,1405,9174,660,1351,1224,3600,61039,16307,10669,35425,7101,664,1262,245,990,4564,995,868,99,1586,15949,422,18040,1335,1607,613,2574,2039,2220,3136,8517,589,6659,2852,394,1414,2076,1823,1960,937,3766,543,1459,3086,2815,5021,545,2277,4253,1435,660,140,1919,12766,1865,389344,2820,708,966,78,1149,49072,1517,2544,2314,428,3979,3929,784,1885,666,1820,2854,1696,25709,2493,1471,2151,6670,5968,799,671917,973,29583,869,602,927
5,syphilis,56026,116375,65202,8698,14001,17875,2710,5819,165541,3362,21520,1547,10209,274852,9498,11662,827,12327,6286,480,86591,10828,599,12003,7167,32555,20927,4902,5871,3074,11450,6767,12182,8444,41066,18172,1666,8384,22629,27838,3343,28284,1606,9818,2365,86244,7080,719,1631,7588,10666,3731,1140,1620,10451,757,4606,11026,2729,1349,5406,131073,6145,22,2796,1094,5562,836,18012,704,266374,37307,845,252,6773,1074,1501,452,243,3602,495,3279,1563,760,1273,8358,415,976,987,3047,17454,14144,6049,58220,7713,399,1190,198,632,4771,605,1010,156,1553,35884,173,17299,921,937,205,1299,2569,2177,3702,7091,858,25978,2372,290,3864,1323,2042,2107,363,2711,347,1159,2428,3560,11835,258,1498,2859,1051,602,112,1391,15949,1752,185635,1196,401,627,36,593,11865,1294,1375,1005,100,2564,5510,706,2151,266,2407,6324,1987,14019,3323,1315,1784,5938,7288,436,719656,640,11209,800,1058,474
6,hypertension,508123,1357749,698555,102108,90578,201535,19283,428940,512529,54300,557632,44099,224797,3476754,138831,137919,28662,151958,133857,16008,896089,139307,35716,157581,48453,191875,167598,155914,108611,112101,340991,168019,117132,102108,175602,248583,17850,73783,86932,484290,70521,427309,17629,46629,34611,443525,116706,48161,38476,63267,148395,18497,21773,17490,47024,23254,67069,193826,10964,44418,51755,2373351,195459,2069,26622,25065,113772,10591,76474,18263,931216,306171,24203,5486,102454,20053,50930,8672,16941,57474,11072,44743,49420,16374,20216,111843,15676,26760,18224,34707,572587,226712,41096,304685,72313,7250,16651,1304,21962,28157,4373,9800,4538,24018,149394,10663,83345,26741,35074,14013,25607,44359,42093,45908,162767,2466,292991,40297,639,38625,33625,50095,36077,23973,56813,12657,23870,59254,38106,156376,12096,36603,45370,6773,11981,2273,29156,403768,48336,2436047,59335,14918,22512,1232,25073,371366,18372,21807,59090,15021,23185,81325,11216,20009,14635,37086,22178,23350,179433,35034,15515,21200,74148,39150,20121,10367418,20157,398859,12936,10957,24020
7,sarcoidoses,4450,6749,13444,277,3643,1095,704,1141,12325,277,2850,108,856,33193,1021,2674,209,1033,1049,19,6399,1519,11,386,253,14188,3013,253,687,485,3590,1580,3112,89,14788,1820,41,1204,1339,4045,111,1324,37,4678,62,29486,231,1,205,421,1119,31,137,23,259,0,2084,601,315,28,114,27316,1420,0,479,29,282,19,5567,55,12320,9931,47,3,322,35,446,10,0,1936,20,133,11,16,12,760,0,20,214,32,3516,1062,316,26153,1800,13,13,10,34,317,161,80,0,174,16404,0,452,19,3,8,125,58,81,835,214,48,131,166,8,44,688,24,67,1,201,0,9,56,1191,103,1,116,408,42,10,0,25,2977,27,35121,0,34,25,0,17,3406,15,134,21,0,178,88,105,11,11,118,99,166,1528,320,0,8,95,1923,35,78200,32,2603,42,293,1
8,hepatitis b,67894,151935,61807,16343,10083,25668,2272,18642,109480,4148,27174,3647,12245,271668,13697,24570,2092,18097,9515,1433,75862,12480,3148,13958,4030,82650,34007,8607,11753,7863,13139,22782,15112,21716,23663,27657,1659,3777,7122,38169,7117,44711,1316,17281,3968,149643,15746,3481,3358,4887,15162,7564,2943,3774,22780,2460,4036,33813,2405,4224,4340,141605,10449,65,9200,2694,8722,1703,12061,2016,1312902,58921,2498,544,8056,1969,2274,945,2167,6902,1737,5547,5454,1630,3947,10097,1686,2294,2392,3475,34437,29912,7765,144526,16371,548,2969,176,2186,2501,447,842,451,5184,35393,1318,23100,1903,3953,1488,2515,4685,3095,5030,19708,387,18521,4629,927,7799,4535,5760,3402,2757,5571,1355,3073,5805,13315,9177,1412,4633,5657,2284,1445,237,3144,21810,3789,193997,6436,1536,2411,127,2555,12210,4348,2277,7900,1206,12571,8126,1411,5146,1470,4418,9160,3902,16494,6001,2768,3401,10434,6348,2672,711253,2123,26533,1351,1363,2580
9,ulcerative colitis,50472,157372,49584,35376,8691,16811,1936,12566,47637,3935,20150,2135,9209,275286,9232,175198,1482,33289,7540,1307,84892,9749,3116,10874,3574,515713,18034,10943,9520,7971,10347,10450,14485,8337,30385,19552,1265,2640,10604,63709,6585,43201,1292,137716,4049,54931,11065,3133,2926,3841,10984,1655,2951,2016,4032,2226,3306,15366,1216,3817,3340,114175,7294,219,13934,2237,6738,1079,7936,1292,164631,62918,2551,547,8184,1576,1661,728,1561,7894,4645,3610,4320,1489,2074,9579,1445,2213,1713,3062,26180,21604,2394,1240220,8528,923,1736,207,2009,2295,254,820,411,3968,29472,929,5950,1706,3569,1170,1896,4846,3171,4540,15727,202,9219,3425,87,2501,3251,6518,3256,2140,5077,1221,2667,4329,44141,5784,1030,3450,11407,566,1201,235,2851,21475,3802,143765,5216,1352,2108,126,2121,14729,1869,1455,5310,892,7294,6276,3426,1797,1327,4789,1833,2273,11563,4432,1355,1790,19167,4643,2007,740839,1982,22875,1179,1196,2007
10,crohnâ€™s disease,10751,18804,25905,9335,6670,2081,1454,639,26753,326,4864,293,1674,70985,1948,102812,99,11301,1596,50,20112,2365,44,1000,1380,313694,6748,2548,999,805,3547,3265,7564,288,31520,1905,7,1253,2572,19464,403,8937,15,95891,319,57201,1135,20,195,1688,2165,94,283,8,424,73,2761,1280,585,151,851,37854,1128,0,14683,80,1368,83,10817,75,72841,19766,133,3,576,20,103,0,56,3994,2327,264,47,12,11,943,4,7,91,511,2170,3519,586,791030,5566,10,6,110,113,1220,257,111,7,584,36438,3,1676,144,41,2,67,424,251,1650,645,149,1650,324,10,173,157,723,301,0,515,9,108,273,21470,889,0,167,5258,136,11,0,20,8171,267,59500,14,116,56,0,72,5116,113,276,95,7,2234,476,1665,213,92,689,204,516,1886,907,201,249,5423,3512,78,277022,54,2458,62,505,16
11,chagas disease,5192,17662,9782,807,815,1858,202,1577,15289,650,2725,165,1007,38719,626,1381,199,1464,818,42,6917,965,103,957,657,1053,2182,476,367,716,2897,1778,813,751,1852,1197,167,296,606,3741,452,4997,176,213,170,4430,746,82,122,657,686,509,84,205,791,88,534,861,335,107,507,24192,1347,0,173,68,617,86,532,42,51976,4812,55,24,1242,243,578,34,25,242,37,189,185,121,135,659,51,100,77,256,4245,1599,1182,2956,504,51,118,37,39,383,90,76,12,169,1459,28,2157,65,114,14,187,157,120,208,719,40,2475,107,42,78,98,215,140,44,219,43,143,224,561,1719,24,97,253,150,41,8,156,1345,110,32648,47,47,49,0,48,3583,161,184,174,14,374,362,37,188,26,281,227,170,1957,336,158,201,542,520,29,77737,83,2129,50,30,40
12,3545003.0,2997,7918,12868,574,584,1163,171,10070,5289,532,10798,158,2429,79038,500,621,750,967,2114,15,6193,1093,24,609,618,1399,949,6731,282,1932,12255,3839,903,327,849,1561,43,372,66,2877,413,4742,22,134,51,7834,488,163,615,1552,676,20,23,12,262,27,1956,482,47,290,691,75298,5871,0,25,33,5035,19,410,38,6394,4430,27,1,292,190,1892,9,24,505,6,84,51,34,16,1357,7,23,20,110,16237,5511,293,3274,704,10,10,16,36,305,35,17,2,22,1439,10,639,217,204,12,271,44,68,114,335,14,603,285,5,69,31,48,144,21,324,5,152,79,93,508,8,28,198,12,9,0,41,1722,243,91964,33,16,38,0,137,14907,11,71,126,9,179,94,9,79,19,110,134,109,3557,470,54,74,415,169,34,184138,26,7654,8,9,16
13,3716002.0,13688,36306,15937,2127,2338,5223,363,2732,18677,1461,5043,539,2288,69757,2008,2889,509,2884,1463,252,20596,3172,324,2963,1186,2784,4064,2199,2291,1166,3331,1632,2135,1620,3566,4187,748,1659,4893,10645,1191,11408,777,411,890,8852,1969,386,649,1441,2455,348,414,376,1046,375,1457,3119,428,593,1207,34469,1777,16,686,525,2136,286,1445,383,29774,12350,706,49,2243,327,582,248,243,1784,169,1069,572,313,412,2739,166,536,405,843,6581,5432,1984,4038,1427,220,375,49,328,721,139,293,32,616,2179,132,2499,350,515,162,610,884,779,731,2784,142,2996,10957,12,584,630,875,721,295,823,149,510,859,768,1680,160,820,870,212,334,26,639,3323,647,52497,865,189,705,14,368,3117,387,547,779,130,380,1417,250,313,166,742,363,575,44513,1449,239,322,1622,1304,329,278675,463,4073,370,204,356
14,3723001.0,419136,732890,365710,37897,78911,106712,12316,52006,397030,31815,99153,9855,48130,1433340,46582,86431,6310,190650,33664,5652,358299,77193,10541,51889,14383,632212,147647,21814,29477,35095,45339,35006,50959,32150,205170,78259,7354,18862,101256,275169,20484,205077,6291,128312,27527,547602,38294,11198,11962,16914,53347,11033,9103,7306,19120,7415,27266,59211,12039,12258,13370,601029,38537,546,70216,8902,26590,4357,80130,5143,863582,159328,15929,2230,39252,5801,8528,2494,5835,75420,7547,25954,18034,6524,7420,83626,5032,7243,9512,11158,118189,71025,36961,777425,247635,3768,6053,758,6882,9964,4809,4003,2147,70114,653472,3319,46375,8632,13940,3974,12979,48706,12150,23444,66338,1411,118404,18978,661,9378,12635,20933,34743,7005,18128,4764,9367,20373,89281,63258,3512,13524,23135,4837,4038,703,11979,60981,18986,820423,16006,5697,7420,287,8552,43302,35833,10886,19294,3056,7178,34498,4981,6369,4398,13214,7586,9319,59486,18840,4812,6378,25294,38344,6722,3626173,7047,115730,4232,7043,8771
15,4308002.0,17,5,8,0,0,1,0,0,0,0,0,0,0,67,0,0,0,0,0,0,14,0,0,0,0,1,1,0,0,0,0,0,0,0,0,0,0,0,10,38,0,0,0,0,0,0,0,0,0,0,0,0,0,0,0,0,0,0,8,0,0,6,0,0,1,0,0,0,0,0,18,0,0,0,3,0,0,0,0,0,0,4,0,0,0,0,0,0,0,0,0,0,0,0,0,0,0,0,0,0,0,0,0,0,0,0,12,0,0,0,0,3,0,0,0,0,46,2,0,0,0,1,0,0,0,0,0,0,0,0,0,0,0,0,0,0,1,0,2,0,0,0,0,0,0,0,0,0,0,0,0,10,0,0,0,0,0,0,0,0,0,0,0,0,0,274,0,0,0,0,0
16,6142004.0,110023,454146,50460,10777,13006,26289,4440,19627,63425,11405,29253,3917,16547,547793,19494,23198,2801,14774,15812,3962,135213,18045,7078,28817,7614,18477,41573,9986,6786,9601,10967,8084,16850,14107,22234,19877,887,1844,44369,118859,3156,34481,4012,6926,8703,64284,15784,7930,6106,4328,26694,271901,3842,3432,8154,5380,2635,20129,4099,7483,3993,126244,10318,1057,7549,4160,9209,1297,7224,2719,2383470,36194,4868,1792,23360,1785,1543,673,2110,7501,2642,12023,12071,3128,3413,20084,3303,4111,3944,4622,34583,22395,5090,25831,9415,3061,3016,599,4285,2675,229,944,2478,9559,21659,1623,135314,5433,6207,2317,4390,10222,7030,13035,43286,551,69818,8921,1420,9962,8654,11904,10949,3705,8454,2540,2999,14622,11014,28807,1321,5546,5703,1999,1271,392,6060,10810,9704,98684,4430,4424,3849,46,4124,10843,4286,5289,10521,1279,3868,26076,1881,5470,4212,4264,4864,5382,15147,5605,3997,5125,8799,5167,2999,722908,3563,25514,2212,1830,3760
17,6471006.0,98180,355945,113939,11270,29660,67193,2157,21710,93204,19096,35940,3311,17015,478622,131507,19736,3775,18505,11003,3270,351900,67747,4427,81672,4658,20980,61118,9806,7952,8878,11084,9497,12817,13629,31551,62176,21085,4891,22922,122058,4708,116517,2128,7344,12248,43405,11827,4811,4189,3802,178815,8086,2925,2328,7307,3420,4163,24913,2753,5635,4606,164759,11770,413,4017,3168,9268,1379,12064,1938,263018,31090,4625,2832,37065,1709,1912,1006,1970,4774,1589,38116,41004,4502,2730,14347,4701,5624,3175,3831,44870,20910,17446,34183,9032,2383,2284,490,3019,2106,1554,725,2967,3050,21133,1491,17483,3509,4840,2075,11236,7828,5174,8134,37845,917,91990,6969,40,6790,4948,8863,45247,3361,6819,1685,3234,39437,4015,29868,1581,4686,5758,1752,1464,190,8503,13735,9756,212154,6597,2429,2841,56,3554,10698,2043,11840,9187,1461,1631,101658,1374,4027,2271,4691,4725,2747,22891,5385,2434,3198,9155,9424,2822,783229,2732,30729,1776,1484,3227
18,7973008.0,38,159,85,2,15,15,0,53,64,2,82,0,9,438,2,4,0,18,2,7,229,10,0,109,3,8,56,3,5,34,8,27,8,4,343,22,7,372,10,635,1,36,8,1,2,276,2,0,0,2,46,0,0,2,4,0,6,4,2,0,2,69,5,0,1,2,9,2,4,0,146,17,1,0,96,0,2,2,0,17,0,6,0,2,2,13,0,4,46,0,11,24,2,24,5,0,2,0,0,0,0,31,0,1,24,0,2,2,0,0,2,0,7,0,2,0,187,5,0,2,41,0,3,0,0,0,0,3,1,38,0,68,188,0,2,0,4,304,0,343,3,0,0,0,1,7,2,2,0,0,0,20,14,0,0,99,0,2,36,8,0,0,4,169,0,2859,0,28,2,6,0
19,8357008.0,2986,7917,1113,127,367,954,38,174,2125,297,3157,65,1441,12425,457,243,90,316,299,92,4885,543,164,728,137,271,986,128,75,170,166,73,228,153,415,597,33,195,2877,7319,42,1098,406,50,385,478,54,188,132,92,611,139,67,148,89,122,34,92,85,114,73,3958,371,15,228,59,90,36,111,78,3558,410,167,104,475,60,30,2,28,112,72,355,366,206,72,930,89,61,58,59,504,275,85,466,60,36,65,3,77,40,0,52,75,196,261,27,326,229,118,18,241,340,121,167,587,88,13563,1145,10,123,138,246,1659,51,171,84,62,961,509,5180,29,67,12,41,6,21,176,201,387,1628,13,77,145,0,71,204,37,81,55,9,21,1119,38,132,58,48,134,15,1966,244,75,81,118,48,14,42527,68,1215,60,43,2326
20,menstruation,42270,76929,22159,2909,4045,8234,565,5265,22764,2357,12961,630,5507,156510,5678,4771,749,5147,2912,689,56554,5163,1079,8108,1504,6157,14361,2367,2448,2274,6576,4433,3845,3191,7366,5458,958,2112,42544,45185,1408,12490,1016,1521,1811,12543,2843,1307,1127,1302,6773,1046,1015,757,1743,888,1271,5321,1603,1437,1210,54021,2421,109,1131,1079,2538,446,3955,2494,52750,8189,2096,295,4457,460,669,333,520,1621,432,2090,2391,710,785,8500,626,977,677,973,9612,8331,1910,10249,2282,344,687,124,903,702,174,372,300,1048,5166,326,3948,988,1363,412,1084,2305,1552,2173,7004,1125,37834,3108,19,3798,1096,2147,1877,739,1803,446,837,2631,1636,12206,337,1208,1918,359,458,74,1242,4734,1787,52603,1452,712,815,20,943,4366,659,986,1797,281,342,5302,397,674,526,1173,1338,890,8246,2955,551,723,2533,1999,621,403269,687,6757,606,475,797
21,9829001.0,584,1150,399,67,35,193,10,23,424,29,138,1,62,2511,27,56,5,117,6,5,417,39,2,80,5,52,167,2,7,19,45,15,36,12,90,50,12,8,40,200,26,247,12,5,6,79,15,1,4,5,31,9,2,6,15,0,11,12,13,0,6,628,11,0,4,3,14,7,36,3,791,135,5,1,41,5,13,3,0,14,3,22,13,7,4,106,0,7,1,0,102,68,49,108,20,2,6,2,0,1,3,3,0,1,49,0,57,7,6,1,6,8,15,13,38,0,32,23,0,62,0,36,14,1,1,0,9,12,13,25,1,2,3,3,3,0,8,199,14,942,0,1,0,0,2,20,2,21,4,0,0,35,0,1,0,13,3,4,84,22,0,0,22,23,2,3958,0,51,3,1,1
22,10743008.0,73042,124858,43878,72218,30599,24283,1262,6697,45739,8365,22590,1237,5812,374692,8730,84288,1013,47211,5027,949,93801,23592,2361,10881,3334,376083,32477,18498,5444,4428,11623,4309,15169,4275,28806,18061,803,3307,20907,192885,3966,43183,578,55730,11769,47226,6704,1771,2002,3649,8666,1404,1494,1134,2342,1293,1506,7062,2238,2183,2729,122138,4643,94,6179,1276,4752,683,4529,932,110790,38273,2034,1222,7451,1075,1111,288,693,5413,1270,4341,3206,1249,1035,8022,854,1130,1287,2534,14783,11994,1912,759511,2656,571,940,326,1229,2203,174,628,484,2645,11030,456,5849,1161,3551,530,6507,5302,10357,2693,17626,492,17612,5285,104,1994,2074,10718,8568,1006,2951,1094,1731,4833,47661,8747,497,2006,5242,435,582,159,1833,24541,3332,114013,2440,887,1482,58,1361,23305,1013,1265,2920,369,13006,7487,1193,1154,775,2306,1465,1303,14138,2250,966,1195,32230,2234,1022,970559,1205,14380,845,879,1579
23,11381005.0,139822,392045,243786,10378,72106,24940,14011,15584,357833,10853,57794,2549,29615,691808,32399,56664,2074,23182,21575,4382,166043,31556,6702,29252,9911,222782,58527,8445,10845,12437,19005,25627,70768,12250,292162,22582,2410,3494,104486,164133,6122,42277,2106,87184,7335,442946,10699,7169,4880,8968,39185,3376,5387,2662,9404,4131,28944,28133,14858,6735,5121,289385,13491,1020,11773,3684,9100,1342,108989,1987,247574,144616,4493,1751,20198,1179,1584,919,1507,3128,2209,5940,11752,3197,2731,21265,3413,4357,1670,4773,42217,21189,3202,399911,34098,2172,2506,476,3231,7330,2518,860,2401,3673,272665,929,12208,5517,7298,2465,3238,8236,7247,25803,33760,928,102601,10908,52,5364,3198,15079,11626,3027,9649,2048,2020,11991,5464,58519,1184,3610,3035,761,1231,376,5025,37698,7876,407679,5569,3814,2646,138,4808,14980,1723,3326,5036,928,1628,15794,1033,3672,2772,2349,2808,4139,20166,5351,2766,3975,9304,35374,1969,1873644,2891,30974,2324,6235,5094
24,11654001.0,2436,3263,1066,65,188,423,10,93,1225,93,459,3,217,5655,107,125,3,201,29,3,1319,180,5,285,5,270,386,21,11,95,32,34,23,32,274,200,9,39,48,810,4,535,0,13,31,396,38,3,21,12,101,1,0,0,30,0,11,14,88,7,13,1586,33,0,27,6,38,0,125,2,1806,161,1,0,164,0,0,0,0,17,7,13,6,0,2,314,3,0,6,2,207,184,175,402,106,6,1,0,12,8,13,1,1,22,286,0,181,13,5,1,12,18,35,45,157,3,290,11,0,0,6,20,9,0,18,0,0,10,22,161,0,6,22,8,0,0,9,57,23,1766,0,1,5,0,1,21,0,15,4,0,6,60,3,2,0,2,13,4,102,36,0,0,57,81,1,10324,1,174,2,1,0
25,13746004.0,34138,84971,27516,5201,23739,17900,484,11856,25472,9327,18045,1752,8063,135434,412205,6724,1229,14178,4843,1299,184757,45307,2169,89313,2059,7602,5653,4411,5714,4260,5652,4125,5069,6608,8490,28300,81844,1625,2993,132061,3546,22645,578,2301,8555,14573,7734,2464,1791,1606,622008,2073,1442,1291,2799,1694,2113,12874,519,2899,1882,68657,5082,131,1634,1611,4344,658,4109,1196,63187,11271,2057,2677,43108,909,822,546,1306,2717,776,8340,55966,5441,1426,7237,4951,4901,1312,2061,20448,10229,1816,12483,3797,391,1148,71,1459,993,78,296,1337,1398,6712,851,4403,1463,2545,1039,6263,3598,2214,3322,20263,124,14750,6768,35,3944,2440,4115,24155,1858,3422,888,1373,30784,2285,7055,866,2665,2101,373,794,133,5450,4084,4050,64334,3991,1134,1562,86,1742,4638,1222,4385,4836,849,1152,57272,769,1257,1067,1372,1362,1288,25833,2431,1062,1472,4137,2363,1509,332185,1459,13888,825,673,2163
26,34486009.0,16965,37499,18201,2111,4037,6106,634,2284,22544,1100,6675,528,2698,87075,2307,3160,390,2804,1681,115,20977,4245,143,2658,1037,7725,5303,2539,1620,1155,5193,2432,2341,1076,8772,6938,340,1468,4545,20210,1202,10349,232,2262,588,23186,1663,185,1240,1946,2556,365,332,286,1293,384,1799,1780,519,319,1196,47766,1879,1,820,360,1587,240,4331,247,44735,10581,594,36,1652,392,620,84,169,3247,127,777,415,210,234,3469,71,223,282,490,8430,4573,1615,13017,2083,169,225,121,344,866,229,201,59,702,8306,52,2363,216,320,100,382,853,498,983,2413,122,2958,21073,33,844,413,708,738,121,615,65,492,1048,719,1845,72,458,1095,215,160,13,404,3333,528,66285,423,151,650,12,313,3750,229,501,494,55,515,1370,191,237,88,653,431,406,81222,1372,148,218,1078,1833,203,353694,271,4730,177,267,289
27,40930008.0,10894,20684,11025,1119,2584,3384,286,1591,12601,733,4082,320,1456,49117,1386,1728,287,1746,1124,119,15361,3461,182,2036,413,3283,2445,1702,1315,1046,2484,1134,927,714,3173,3546,290,1081,3784,20357,930,6030,264,613,1007,10979,1325,175,511,1109,1717,206,154,156,470,208,922,1209,402,293,536,23539,1609,4,746,395,904,133,1284,198,26491,5331,303,31,1104,199,413,95,140,1438,69,610,492,284,173,2467,86,251,248,234,5110,2955,849,5640,959,115,158,89,198,299,65,130,44,535,3121,47,1059,247,244,71,501,699,402,483,1586,91,3034,28635,8,475,344,906,2200,125,461,76,268,1169,655,1665,59,471,563,135,117,18,308,1942,685,33646,398,110,1008,16,199,2267,168,318,421,53,303,1377,114,84,82,334,146,236,99180,897,61,80,822,647,143,257662,214,4272,175,139,550
28,14669001.0,4098,6934,1959,165,1065,771,46,226,2799,86,1142,18,518,13736,224,323,55,327,167,9,3316,206,3,708,12,617,628,142,89,156,288,207,86,90,647,493,7,45,225,2277,173,1204,38,32,53,1242,112,4,76,154,260,23,21,8,78,6,190,27,114,8,32,4498,269,0,48,19,215,6,308,12,6826,747,42,0,280,34,80,2,1,37,6,40,6,33,10,769,2,19,9,9,569,517,196,884,260,9,10,16,19,16,1,8,0,29,652,0,394,207,14,7,6,61,88,101,172,0,521,57,1,266,12,51,33,0,21,3,57,39,54,356,0,14,49,0,10,0,11,246,86,5731,9,1,18,0,10,220,8,9,28,0,35,122,9,3,2,31,10,20,424,111,0,0,127,115,9,26556,9,737,2,94,6
29,15188001.0,19407,29201,38576,1053,8997,4043,1492,1844,31613,1021,8904,357,3905,99797,3147,5380,203,3063,2137,134,36090,4075,204,5210,902,22006,13270,879,1576,1018,3063,2785,6289,1168,28775,3660,503,1486,12916,20575,1143,7707,577,7863,440,50168,1381,222,382,1152,4164,554,384,227,983,136,3546,2619,1078,316,778,47177,1905,16,973,334,935,195,11023,125,89267,16099,204,91,4953,152,619,154,151,3119,88,1174,1159,335,277,2441,94,408,221,336,5841,3510,1192,39616,4270,99,228,96,189,764,318,200,289,380,28035,54,2209,293,250,92,381,591,776,1924,2363,70,6843,621,30,789,279,424,437,146,703,74,294,1131,362,3228,81,446,756,161,176,22,374,5833,491,64710,451,135,148,16,202,2696,223,346,393,58,276,3445,145,160,99,550,246,483,3472,1069,109,151,898,3873,131,289371,131,5681,240,545,150
30,18193002.0,362,338,168,50,40,93,0,16,117,31,72,0,29,4304,97,32,3,45,21,4,3276,108,5,182,6,100,415,9,9,12,8,3,7,10,37,76,24,11,1114,740,0,136,16,1,138,159,6,3,0,4,110,16,3,4,8,0,86,9,10,0,4,255,18,0,1,4,8,12,44,7,1458,48,3,1,86,13,4,4,0,10,0,122,82,13,4,16,0,10,12,0,25,20,4,219,8,2,4,4,0,0,0,4,4,3,9,0,9,16,0,0,43,16,8,3,170,1,1114,19,1,21,1,9,110,0,0,0,17,177,8,230,0,5,8,0,4,0,23,15,59,313,0,3,0,0,7,19,4,40,6,0,7,517,15,11,1,7,33,10,53,11,0,1,33,10,7,3756,0,24,4,0,1
31,18718003.0,19109,37103,26137,1638,4198,4397,1002,2384,47732,1082,6296,431,2832,87971,2472,4258,373,2751,1428,287,63390,2833,505,3926,894,10747,6743,780,1714,1341,1833,2091,3438,1555,15408,4151,542,1655,7220,15759,946,7142,691,3499,579,22509,1726,575,558,914,2743,416,342,399,1118,354,1997,3112,854,641,848,35174,1525,35,775,451,1184,232,5971,375,54899,9058,371,139,1799,196,410,197,213,3611,171,676,729,404,380,3394,257,536,285,561,5021,3046,1529,19868,2435,99,340,39,347,552,131,209,96,453,11781,145,2487,391,519,166,476,828,879,1427,2597,194,4012,722,25,533,584,663,599,315,919,225,318,831,812,2288,182,633,444,227,222,48,503,3476,577,39598,756,317,301,12,371,1710,414,437,682,121,261,1632,195,348,231,422,382,492,2995,510,256,323,1442,1896,215,277957,298,3354,377,371,321
32,21134002.0,89369,126763,85171,6785,43236,40473,2195,6316,57172,5368,30397,1527,10763,328075,81372,14796,1147,20546,6080,717,231598,50582,739,76127,2241,77344,61237,8764,4823,5091,18569,9771,7785,2765,27294,36576,6759,6151,6771,124864,2355,52658,1134,14068,11812,121938,4160,972,2792,7901,99154,1543,953,646,2687,378,3945,4367,2125,1083,2020,152597,8409,33,5070,1132,5442,749,10408,1063,364584,26115,1605,2042,32146,1074,1617,241,284,18236,534,26522,9717,2337,682,16803,423,1511,12241,1045,18192,13248,4750,107557,32349,605,637,440,814,1900,851,867,1147,7304,54710,91,8828,1526,1295,233,2375,10924,4223,2499,12155,405,54553,5483,305,4300,23897,4105,13673,187,1906,178,1737,22471,8579,29880,96,17609,252947,444,628,26,2036,17221,5035,149913,781,996,687,41,781,26386,3257,7544,1445,164,1560,49651,11684,1232,1118,2724,2373,2358,14488,3996,403,434,4066,91871,549,1153289,619,25288,454,620,582
33,396275006.0,116192,161899,68926,10203,23180,37798,1294,8533,53594,3601,21907,1757,8726,285066,7582,8363,1160,80522,6043,919,72851,32200,1344,12948,2194,19628,64841,5885,5289,4821,7921,4832,6011,4924,26780,23734,1311,3330,9752,66092,4157,39437,1254,3752,6081,37119,6159,1708,2764,2999,8883,1511,1594,1182,2879,1180,3567,8925,2431,2126,2196,117600,6272,58,4565,1620,5556,754,6772,869,97844,24425,4481,269,7759,1232,1562,431,911,16429,760,6756,2718,1092,1307,18864,801,1375,1375,2022,20194,12306,3913,29753,7380,584,1088,124,1264,1598,469,701,320,4926,20296,530,7074,1629,2488,599,1621,15494,2956,3306,11367,263,38178,3251,63,2022,1932,3897,16132,1087,2772,809,2342,3402,5226,9268,575,2180,2213,553,816,102,1949,12325,3408,127222,2712,821,1382,44,1431,5937,1847,2242,3267,495,1031,6533,772,961,743,2285,1237,1920,12293,3352,705,906,4815,3713,1227,742606,1290,21499,750,857,1089
34,22298006.0,175180,371984,241992,21818,20114,51725,5271,112740,132730,17077,111653,5892,41954,1853511,27818,26458,15282,63089,67885,7219,337726,33400,4879,44902,10495,35648,53753,57309,13919,46244,223513,75034,22348,15576,33843,46210,4654,28632,18041,148534,12897,117497,4580,9602,6850,92205,14903,8177,7640,20045,29277,5284,2925,2641,9253,3098,30903,28256,4280,6434,12389,1158013,119469,499,4788,4275,48215,2179,14588,6659,251749,57100,5837,1282,22863,5783,25816,1460,1587,12622,1483,15358,8173,3380,2764,37312,2108,3874,2496,5522,209172,46813,14352,62529,13501,2088,2803,754,3137,6030,2193,3644,1061,4462,34297,926,22585,13417,5103,1604,8763,17032,7546,6965,27727,587,91080,9548,227,6855,3765,10168,10157,2411,8812,1979,4138,13984,6390,36042,1497,4278,11557,1611,1743,413,5097,49641,29500,1122332,7535,2142,3605,111,7562,251397,2489,5236,4885,1951,3681,23210,1741,3502,2135,7945,4105,4015,53096,11429,1964,2969,15033,9137,2130,2824125,3486,209140,2076,1468,5947
35,23502006.0,41172,112648,46606,4112,8456,15572,1056,3200,229836,6837,9818,647,4750,144420,4973,6202,643,6855,3244,348,29914,8866,2940,6650,2804,9271,8260,2082,2603,1491,5303,2013,3382,2679,13043,9718,2076,3132,2907,38630,3087,31165,342,2092,20837,31229,3592,529,1297,2808,6406,2244,456,709,2670,408,1141,3951,2177,722,2241,64638,3935,14,5616,502,2519,384,4547,548,199120,9777,508,1990,4486,1612,1793,145,186,1639,318,3022,1511,6318,536,3616,300,1540,2691,1273,14823,5238,7792,14260,2587,520,540,226,430,1707,758,344,176,8924,11319,137,9923,1714,831,180,15256,4697,940,1831,14859,323,8863,5049,185,1508,3341,1494,15703,315,1443,222,1822,6958,1767,5642,203,2874,1662,955,220,87,3451,5084,3401,97139,721,366,411,16,547,4580,544,1263,761,108,2605,7953,329,707,293,817,1106,680,11000,1163,552,755,2804,4846,321,346689,425,9109,339,539,308
36,23919004.0,5438,13324,5001,541,1161,1861,196,524,6271,456,1961,60,711,18787,513,760,180,820,335,112,6353,1001,113,997,235,719,1016,368,528,301,470,253,481,303,1280,947,67,1217,169,2246,330,2292,83,321,359,2172,414,160,226,324,724,143,182,154,227,130,183,483,210,181,204,6710,311,9,397,183,449,79,525,144,6128,1521,134,47,742,160,137,26,30,908,105,227,218,77,121,835,78,70,144,214,1299,742,629,1274,239,92,114,0,189,216,32,118,22,305,1033,37,762,74,207,29,180,538,216,576,1072,143,505,293,8,139,244,265,268,72,297,67,279,172,606,340,43,206,212,133,71,17,200,1332,93,8807,155,132,166,0,149,589,95,156,164,18,37,367,119,88,52,286,127,158,955,299,60,70,455,311,101,36492,165,836,138,123,66
37,24693007.0,57149,86509,60548,3326,180112,29240,381,4178,29662,13169,7435,486,3203,127045,15356,3017,468,8587,2306,587,57020,126311,2108,13397,700,8021,14626,1471,2122,1350,2567,1403,1962,2050,5334,19645,1158,1595,5290,119602,1548,25206,349,1359,89148,18461,2661,1743,913,935,22844,814,646,469,992,566,720,3620,1984,894,716,36417,2201,28,3098,753,2114,254,2054,497,62487,5443,1464,484,19437,531,483,147,455,1468,288,12045,4157,1414,515,5154,942,1132,909,1503,9500,3981,1471,11133,3610,271,406,72,544,546,97,198,273,3343,7485,247,2129,1897,2198,287,7545,8882,797,1331,7459,175,16706,9565,35,995,1253,3710,89048,521,1258,1079,950,7978,3008,6313,247,1311,899,238,315,50,3772,2752,3757,38386,1171,543,666,26,792,1894,677,4564,1584,234,516,12170,345,453,387,811,647,541,14169,907,331,397,2635,1418,478,345178,572,6132,364,399,755
38,24700007.0,60378,123665,62833,8455,14642,24543,1947,16266,65992,11333,27167,2603,11245,229353,14854,15469,1763,15038,7873,1639,103804,15117,2668,17852,2689,30879,16291,6819,7603,7817,8900,7940,8182,9172,19344,18977,1837,7071,9303,114675,5437,39313,1302,13837,6077,112348,10968,3008,3216,3516,17919,2473,2423,1898,5460,2214,2805,16565,1478,3534,2884,114551,10354,128,6742,2592,7228,1243,10311,1651,269486,32074,2982,561,17529,1855,2177,719,1715,4393,1522,6384,5358,1940,2154,10360,1515,2483,36818,3227,26935,19359,5359,53717,11112,682,1705,175,2168,1983,502,1241,370,5980,25609,1183,9485,2253,3701,1163,3260,6609,3893,4936,17339,488,20201,5006,95,2695,33593,5331,5388,2252,4790,1249,3136,6625,8540,7561,1117,30007,334177,1159,1252,160,3364,15259,5795,153007,4962,1487,2341,193,2334,9257,2642,2118,7042,1054,1732,12080,21385,1717,1291,4415,1889,2930,14172,4950,1328,1640,6312,131821,2254,753226,2211,50379,1326,1355,2271
39,25458004.0,1322,3876,1522,372,204,590,49,70,1324,81,340,0,162,7061,68,290,27,461,76,6,2327,228,13,203,40,450,832,105,90,69,342,142,198,87,244,269,43,160,561,313,168,1158,58,74,113,557,159,16,49,125,90,22,90,45,91,14,34,101,40,17,35,2226,55,0,154,71,145,35,121,12,3063,965,51,3,120,73,77,13,1,46,32,74,14,21,53,261,0,41,30,57,384,484,99,888,112,43,45,3,33,69,8,41,0,123,226,0,206,18,83,2,23,181,28,56,374,6,270,122,0,286,30,191,77,2,45,13,137,30,193,117,2,41,50,12,39,0,62,383,22,4889,39,6,41,0,34,60,37,23,56,0,29,90,28,15,1,172,31,148,310,188,0,0,213,136,43,26064,43,115,17,30,2
40,26889001.0,1034,2915,759,39,295,180,29,75,898,101,431,12,124,3724,112,162,15,165,522,34,787,204,32,159,73,379,256,207,34,195,104,35,104,86,309,297,9,49,257,704,23,331,20,77,58,1420,20,19,53,72,193,17,13,11,58,15,24,66,35,19,39,1441,761,5,26,9,86,2,93,8,2228,681,8,5,178,2,10,2,6,16,5,37,19,12,20,152,6,18,7,13,310,123,53,819,256,11,19,6,11,17,13,6,6,150,714,0,138,111,13,5,26,21,51,54,132,0,93,46,1,3,1,23,48,5,37,7,4,26,40,24,0,5,83,2,2,2,23,96,342,1546,13,14,5,0,22,86,27,17,4,0,28,46,16,22,10,11,16,7,220,11,14,22,42,59,1,20786,14,2677,8,9,4
41,26929004.0,89229,136513,35542,6276,16739,21632,932,11967,55033,14005,24013,1904,10057,322326,56830,8236,1628,22127,7127,1495,330342,31071,2122,93439,1932,13801,19768,17635,4370,9106,5712,6994,5349,6885,8814,16321,4777,3283,13683,380009,4575,30956,759,2211,6292,18464,4856,2033,2798,2777,74200,2969,1728,1285,3472,1461,1238,11338,2089,2294,2133,119069,14097,122,4749,1869,6953,1146,4472,1483,210494,18265,7048,995,226332,1538,2588,451,1390,7020,858,8679,17517,2784,1638,19442,1071,3571,4302,1907,19945,16070,3885,22982,6271,801,1256,128,1424,1899,249,979,3392,7646,27414,578,6792,4626,3112,821,11281,10888,5633,3613,25919,72,40718,7107,40,2973,3097,7221,14437,1221,3083,783,2603,23280,7137,11261,633,3515,7501,565,844,91,39631,14772,23373,134953,2735,1775,1866,24,1790,6936,1568,1948,3788,524,1123,39855,1431,1167,1087,5159,1368,1725,13308,7804,837,1083,4708,9581,1362,2253752,1787,42802,739,873,1999
42,29384001.0,61501,175564,53938,31278,8996,18324,2831,8603,69485,3621,19197,1863,9308,291482,8045,33013,1534,28341,5966,1194,64902,9758,3453,9947,4255,88347,26932,7476,9314,7112,9275,12404,11341,6066,18625,16282,1756,3331,17103,40548,6888,41989,2193,12445,3198,40797,9372,2710,2231,5228,10190,1596,3392,1446,3892,1279,2425,11390,1432,2541,4230,109764,6486,87,4050,2547,7301,956,6178,863,146374,94429,2337,279,6153,1699,2361,665,842,3957,906,2873,2785,1302,1531,10677,790,1651,1288,3754,22272,26736,4126,184508,5094,913,1365,377,1261,2989,356,870,150,3238,9546,508,9355,1956,4115,646,1371,5145,2363,2848,11784,337,21062,3458,55,2037,2265,8572,4673,1165,3513,1138,2889,2694,14055,15174,686,2517,2936,650,1148,164,2082,23890,3692,153717,4030,1863,1483,88,2236,12331,2098,1177,3167,496,4392,5122,984,1363,678,7039,1556,2596,14061,5755,963,1280,16571,4611,1417,775157,1439,18302,957,860,1118
43,30811009.0,626,1219,483,548,864,159,95,163,826,49,409,65,215,2520,113,467,22,550,103,29,583,231,49,268,24,1331,119,168,191,214,198,246,159,148,250,162,78,8,47,487,61,481,152,96,51,514,76,51,39,32,106,22,38,31,62,40,79,529,4,99,164,1899,135,8,42,34,75,28,54,5,1170,794,49,17,107,27,61,36,16,30,11,55,43,30,33,141,41,66,31,67,359,223,44,2858,85,16,31,3,14,6,0,10,1,29,173,21,45,31,57,29,32,37,73,16,196,0,93,43,0,57,69,85,50,47,97,48,38,61,199,101,44,71,88,28,31,8,44,174,50,1407,207,13,32,0,32,268,32,15,53,21,103,161,28,31,29,67,40,47,193,46,5,26,338,62,30,4826,39,359,45,27,40
44,31384009.0,10418,23479,16121,1049,4278,3286,680,1422,17076,641,4757,219,1904,50923,1504,2653,169,2250,4267,96,10670,2709,123,1957,627,8261,4107,578,1263,992,2410,1484,2134,707,10036,3426,151,617,839,6906,1100,6066,212,2481,271,50663,1268,134,378,786,1854,101,204,104,556,83,1080,1363,402,208,460,29241,3529,1,446,140,720,63,3647,79,25734,8783,102,10,1082,208,494,48,85,1166,57,293,185,182,151,2295,55,176,153,295,4651,2474,814,19534,2430,62,130,85,105,475,138,77,8,992,16384,37,1792,474,307,56,152,300,786,768,1021,52,1300,249,4,138,226,269,386,86,406,45,262,314,511,1112,47,458,651,69,82,13,162,2976,736,38035,314,80,109,12,117,2517,131,183,332,43,329,519,99,143,53,259,194,317,2735,498,98,130,726,1459,101,126438,113,11059,86,179,98
45,32398004.0,69706,164525,61256,9877,9275,18358,8838,16440,69548,5419,27145,2824,12681,295083,11851,31332,1843,12059,8552,1921,139240,12127,3478,17526,4030,14771,21876,5807,11316,7657,7925,7967,9078,10966,18011,22609,2372,3011,46479,49088,6844,38332,3260,2813,4568,31808,11901,4160,3680,3539,13084,14169,2407,2443,5086,2896,3352,22287,2312,5293,4960,126394,8352,313,3404,2718,8107,1782,14736,1572,230259,21401,3170,755,9908,1499,2428,1207,1872,3932,1313,5676,5636,2166,2587,10882,2105,3275,2103,3926,32566,17065,7578,19531,9355,856,2183,188,2295,1828,2323,1103,544,2705,12504,1314,24086,2294,4384,1795,2603,5127,4321,7531,21726,293,17401,4102,280,3908,4065,5525,3655,2959,6216,1817,2554,6163,4764,10079,1639,4419,4858,1451,1495,371,3458,8334,4219,129446,7410,2006,2365,126,2656,6930,2463,2271,6486,1228,2115,11248,1358,2213,2987,2343,2385,2470,13936,2944,1667,2332,8185,3624,2221,562842,2248,22450,1883,1273,2742
46,32798002.0,62621,169115,54597,9148,14709,22348,1258,18487,50803,18106,27017,3225,13281,274948,33379,13199,1818,14540,8922,1817,177524,22660,3619,64498,3697,16123,22732,12500,11528,9558,11117,8412,9439,11666,15208,25210,3940,4276,10740,138482,6560,44525,1836,3760,4738,32608,12656,4293,3125,2994,46479,3328,2461,2261,5129,2989,3763,21922,1224,5050,3791,137249,10459,297,3002,3140,8244,1259,7477,2548,119883,24824,3450,839,43406,1428,1878,1037,2164,11063,1436,6593,8579,2297,2723,19459,2216,3733,4242,3772,35679,21493,3768,24786,8287,804,2113,37,2430,1675,284,782,782,3041,15059,1352,10427,2599,4292,1650,3778,5202,7970,5736,20968,148,14404,4255,75,3713,4653,5864,5225,3043,6145,1680,2464,9457,4611,8325,1461,5256,6453,675,1472,302,5322,12850,5793,137431,6723,2096,2557,150,2681,10495,2184,2151,7197,1287,1752,18214,1617,2153,1819,2750,2157,2653,13108,3860,1841,2412,7745,6864,2366,822449,2281,26633,1640,1137,2887
47,32914008.0,12500,37373,12655,1630,6500,6259,358,2755,10995,5612,5189,497,2250,50359,4778,2711,346,2208,1747,356,22216,4862,692,13600,876,4473,2926,1115,2278,1255,1688,1248,2498,1833,5932,5410,403,1115,1948,50130,1472,7725,154,1571,2455,10556,2628,788,773,682,5881,444,532,396,891,531,959,3299,432,958,610,22283,1293,70,852,510,1249,175,2210,318,15465,5369,601,279,3054,316,304,135,332,718,283,1315,1540,703,429,2716,415,1366,615,858,6126,3237,631,7240,1458,233,353,17,543,486,31,156,331,727,5019,193,1349,482,918,261,2152,1359,1096,1387,4374,169,3479,1255,7,999,826,1242,1853,477,1217,306,492,2209,944,1878,214,880,825,140,226,64,817,2192,1030,22866,1131,450,501,36,491,1642,332,1288,1089,183,324,3602,330,489,322,539,362,459,2409,715,341,455,1537,1142,395,107097,446,3298,330,286,514
48,34840004.0,35358,53829,26296,2245,3894,6587,646,3573,22114,2299,6529,547,3444,73426,2825,3450,743,3798,1827,667,17694,4864,1172,4170,794,3500,5417,1007,2866,1758,1583,1735,1801,2369,6275,6131,700,1094,2372,11871,1806,15810,646,686,1805,8172,3222,1459,991,718,3224,869,625,578,1052,1040,837,4721,928,1409,1245,30983,2256,57,1679,703,1598,426,1775,638,27694,4587,808,382,2809,577,468,245,506,742,632,1403,2136,746,622,3346,812,678,669,745,8837,4028,2828,5092,1697,287,618,15,685,328,228,153,253,1641,3868,425,2751,801,1379,319,973,2476,1014,1182,4482,280,7005,1707,87,481,1593,1711,1576,827,2043,697,668,1834,1352,2643,516,1188,1197,506,269,210,1285,1862,1346,35804,1751,504,773,44,705,1678,770,598,1197,235,449,3015,491,483,505,421,960,471,3748,674,536,538,1852,1502,437,128236,661,7052,590,439,800
49,35489007.0,614775,1691833,806190,104080,232640,391180,21534,197938,521400,128157,323188,33897,141579,2774113,1030222,151498,21330,211954,90707,20883,2450621,689977,35637,668027,39868,240258,236534,103519,116275,87275,143535,99069,110232,118599,188236,891141,122459,32978,153193,1615896,72777,735427,53527,61433,85785,389315,135402,40465,39618,42565,1287911,27564,27005,22786,57059,27517,47329,249431,15834,52870,48796,1489535,112312,2621,33104,28498,79339,14084,88170,15934,1310230,246464,34857,15803,377449,15947,27567,11383,20960,66771,12973,126253,219871,37668,24774,127881,34286,47707,27564,36808,414932,203287,48486,513551,71277,9350,20760,1719,24755,19128,4241,6414,13365,30716,176882,13303,73914,29478,44136,17422,60363,60177,49372,50487,246215,2945,451692,82886,1996,55747,47626,63328,385577,30105,64967,16381,27162,224532,57679,173798,16082,50905,70197,8924,14944,3033,51545,99770,64361,1539795,78740,19223,26274,1564,30104,132219,22967,70338,71838,13898,29812,425664,14919,29154,17806,26356,28727,26813,233943,47320,16668,24217,84374,59257,25101,7891938,23803,280447,16587,12962,63004
50,36971009.0,6739,15436,2846,391,452,751,218,266,4036,390,1308,60,699,17488,637,864,60,621,470,154,4575,626,313,936,269,426,916,206,205,267,363,132,441,250,930,848,43,88,1342,3125,128,1045,19,151,344,988,215,254,159,121,1037,327,74,137,191,95,76,241,264,147,110,3394,282,34,222,163,160,81,310,62,7500,845,170,65,702,8,12,8,12,86,36,187,600,108,45,714,116,107,68,123,1054,320,87,646,131,68,68,22,81,82,24,11,93,211,476,1,540,292,282,87,147,636,265,424,2145,22,8171,569,29,140,67,1000,571,48,159,55,19,433,234,3187,12,81,25,20,19,16,121,184,498,2386,54,620,41,5,212,338,175,133,30,1207,50,613,11,163,117,41,146,17,543,56,98,126,240,58,20,18713,48,748,42,64,57
51,37340000.0,1577,4090,2588,185,1120,673,61,85,3195,153,687,34,224,7752,241,232,18,670,1312,7,4384,937,6,802,76,564,1500,120,144,83,239,393,147,118,690,663,154,144,172,2564,140,1730,69,75,114,14885,103,5,36,119,504,40,24,23,83,6,44,133,45,13,72,3576,481,0,63,37,110,18,121,11,7068,1359,14,4,1162,32,87,13,10,247,8,79,34,46,43,356,0,38,71,39,389,386,193,2707,192,21,27,13,25,64,12,25,8,326,3148,0,367,68,16,0,66,60,233,55,216,11,300,45,0,22,54,28,100,0,50,0,57,67,73,168,0,149,502,17,21,0,82,694,73,5860,12,3,15,0,11,346,21,48,24,0,26,126,43,15,3,85,26,69,475,110,10,12,124,444,12,37596,15,1594,20,11,0
52,39400004.0,17257,156552,11561,3730,2622,5346,513,3140,14977,1426,4283,448,1644,58575,4286,8039,238,7862,4108,286,16763,8259,499,3892,777,23382,52904,5127,2370,7089,7896,6351,3730,2081,3530,9409,253,828,1917,35262,612,10491,959,4273,841,11146,1111,350,770,911,3445,233,585,182,1130,276,401,2452,289,471,611,28291,6791,60,519,213,4361,81,1123,485,27453,39480,231,130,1756,175,242,69,101,1012,137,639,1035,299,421,2151,126,345,280,375,5545,7722,1176,49747,1384,176,177,38,235,333,124,441,95,4213,6156,70,3589,547,287,140,499,678,476,684,1897,25,1029,508,29,181,458,645,554,206,587,124,233,815,3773,465,95,377,1285,105,112,23,392,10358,855,44384,1077,214,413,4,231,4845,137,417,400,70,2449,1068,203,316,183,2005,390,248,4539,1748,203,332,3218,1545,206,349327,320,20463,139,219,234
53,39621005.0,52196,144274,45775,10155,7127,13943,1484,4130,53091,2876,14386,457,6497,244697,4671,13924,998,12030,11409,446,61037,6336,958,8380,2208,31803,21452,7313,2970,5031,5354,5580,5443,2667,10063,11084,809,2800,22522,40706,2690,26142,892,5416,2134,21777,2875,881,1845,3176,6156,959,1451,866,2146,681,3893,3716,2159,952,1872,95322,3005,93,2252,1021,4678,457,3642,474,74017,42641,1417,226,5019,886,1282,200,124,1660,545,1800,974,707,758,9313,310,736,559,1245,14636,11962,3294,68680,3051,625,706,272,739,1467,422,652,142,1754,7013,115,7503,603,1411,403,973,3158,1661,1957,7314,270,11852,2155,42,1763,893,2842,1513,299,1506,329,1612,1473,6190,7199,153,880,1517,364,453,73,1198,12166,6348,122595,809,428,828,6,808,6870,559,958,870,71,1567,3586,481,685,307,3407,1024,1210,10636,3111,417,569,5697,3030,541,632705,786,11528,461,455,296
54,40733004.0,1509439,3319287,1725725,254410,260182,474968,75061,289211,2718872,110330,548443,54393,254856,5987825,241078,451252,41310,352187,165175,23490,1707176,257613,46602,289150,86582,925356,483668,142938,177919,141474,236912,285273,252424,286885,653949,426687,43731,95210,251182,919104,122732,970720,36772,229933,80064,1801116,257503,51751,57277,100900,245329,134714,47664,46021,311954,37730,92296,450641,56929,66129,85607,2884764,178100,2463,114256,45648,168446,26667,342941,27852,13635894,835011,41871,8646,203978,34118,50177,15830,26589,134370,24096,88268,81139,29072,46678,235657,23774,41040,39726,63509,576914,434503,354798,1643067,237890,17635,39732,5759,36819,56769,19941,23666,7106,72671,687837,17166,886908,32577,64116,21216,45588,89857,67021,110191,354582,8049,415643,83237,6971,118760,61338,96750,64066,37771,89932,19316,56801,92106,148395,206543,19826,70043,134124,38166,24791,3596,55048,351865,60567,4447839,91363,26239,38648,1490,39601,235154,47550,37273,115239,20682,157004,137927,24273,55630,24070,70732,110651,81549,306657,100296,30292,40221,175002,142532,40858,15617935,34000,432425,23663,27564,37097
55,91302008,146126,346221,208454,22934,21030,60111,4837,26240,225997,12921,57214,4620,27179,555820,21012,44018,4470,29369,13878,1749,144084,24798,3393,21334,6972,77787,85729,12098,16788,17343,47261,25554,21890,17332,43431,60183,4115,7384,11354,133346,13784,207449,3428,15647,6262,160747,30409,3958,6140,10365,31055,7957,3936,3471,11053,2855,9311,30108,3612,5418,11237,316724,21188,101,9473,3721,15083,1971,18807,2382,543187,83684,3166,469,14647,4205,5281,1333,2249,12713,1751,7247,6269,2406,3672,14692,1782,3229,3501,5004,70652,37034,25248,139560,20431,1945,3060,579,3292,4925,2232,1337,293,6144,54536,1488,56103,2666,5137,1737,4055,6863,4861,7368,26391,475,26825,6033,1106,9095,5103,6803,4503,3090,7589,1426,5431,7248,16871,19661,1663,5577,10048,2953,2163,219,4952,41012,4814,841247,8053,1907,3085,114,3473,35203,3746,4330,12134,1426,6150,8946,2065,2940,1596,5676,4161,9847,38442,7348,1911,2896,14626,12981,4008,1820625,3138,62828,1797,1872,3688
56,161712005.0,94139,135777,47692,6457,11436,17104,1191,9228,55219,7564,35821,5188,13572,407630,11065,9426,1151,18845,7089,1254,169128,13985,1558,20639,2690,17223,27928,12258,9010,5514,10380,17099,19164,6082,15235,13138,1900,4109,46247,229957,4209,21512,1004,3560,4232,36347,8582,1887,2406,5335,14097,1768,3816,1101,5310,1152,6358,8967,4059,2261,3122,153008,8045,107,2642,1727,5673,639,6975,1150,139233,25095,28156,445,11540,1108,2568,417,2112,53552,694,4608,3568,1665,1082,113083,780,1875,1217,2102,19771,91781,3093,29895,4699,530,999,125,1524,1764,326,690,1341,2887,13627,401,7092,2342,2742,548,3137,7593,3330,3658,12507,852,85578,15854,64,6519,1789,4720,6235,948,3122,782,1639,7341,3909,27830,440,2060,1843,443,747,121,2404,23235,8392,119039,2934,1126,2340,58,1550,9874,1271,1336,3699,444,1079,14918,649,1249,686,3513,2007,4486,28795,36092,748,995,5216,3546,1904,1786014,1288,23678,1328,1561,17840
57,43116000.0,86825,95073,140855,3795,42051,10409,11677,4966,121270,2299,26022,796,10992,374713,12772,40686,618,12233,8279,663,87209,13862,1124,8934,3037,145248,63306,2187,3895,4330,9101,13679,39252,3235,182032,6754,929,2256,63244,106752,1941,17615,953,56696,1644,298652,3875,1266,1095,4323,13316,1782,2307,800,3427,874,17975,12177,8925,1526,1738,166123,6956,117,6462,813,2871,2285,113296,531,236938,85449,1237,321,4275,586,829,358,559,6320,1291,1815,2515,851,785,5414,673,1033,1094,1186,13818,10084,2702,260979,21971,333,700,209,697,3732,2198,354,400,1841,175303,339,4906,1214,1548,513,1190,3074,1475,18129,17480,318,13547,3266,72,3281,1256,3162,2099,809,3573,599,762,2990,2953,8535,478,1386,1510,719,425,110,1142,22103,2564,246213,1964,1067,691,38,995,6298,687,785,1807,297,1156,7307,453,698,739,983,885,2339,7489,4057,501,712,3060,23237,670,997088,790,18931,648,4207,814
58,44054006.0,61281,119691,47797,11688,20916,20130,2136,60705,52637,3543,29317,3773,14695,412820,18017,12102,1875,18859,45836,2132,181300,25169,2928,15567,48871,26069,37822,503006,7770,87349,21720,14322,10460,8508,33305,24766,1462,21080,8951,160018,4457,28598,772,5859,4216,45633,7844,3584,30927,191529,18266,2240,1735,1634,4466,5188,6924,16923,1743,12206,108474,174429,45818,736,3376,13795,253911,919,6863,1645,132342,32247,4007,464,15181,2418,2633,573,1483,20985,960,4315,4831,1485,1897,18074,1246,1840,1531,2909,38251,20669,2842,42300,7628,401,1632,114,9876,43611,534,2037,490,2733,17996,917,7608,4674,3471,1108,2327,6208,2833,4036,14020,331,26302,5318,170,3834,2565,5971,3880,1810,43869,1160,2011,5639,5582,11714,860,2737,4930,523,932,472,2520,84980,15278,175862,3622,1275,14483,50,2839,17361,1899,2344,4875,832,3183,8195,862,1849,1251,7667,2370,2119,28647,4635,1436,1850,7678,3610,1582,14942573,4523,122135,927,998,2214
59,46635009.0,1894,2351,2059,149,333,394,61,598,1490,57,903,82,257,8628,311,692,29,525,353,34,5198,331,54,515,218,1495,551,1354,161,980,336,264,265,160,2260,679,86,1428,390,5950,51,729,6,337,83,2665,141,79,415,636,353,49,47,32,97,76,246,339,78,121,339,3267,973,0,105,129,655,20,601,46,14424,942,42,6,922,21,24,11,36,648,22,153,100,20,36,277,19,28,81,30,757,419,118,2380,645,6,27,8,114,145,23,140,12,144,1274,26,126,67,84,25,40,211,43,115,409,3,1316,390,7,101,77,133,77,50,395,13,84,179,128,683,20,88,213,30,20,0,49,1546,232,5968,75,30,84,0,65,118,40,92,169,23,18,672,20,49,22,401,43,45,707,141,25,32,94,206,62,243075,62,2376,15,48,40
60,49049000.0,80299,209278,79210,10339,17726,27248,1392,23241,66249,20290,35057,3574,16608,378202,29861,15081,2597,19087,11892,2086,241064,24140,3780,68083,4329,19938,26640,17342,11526,12112,20386,11308,11186,12815,18455,27114,3944,7699,18618,195860,7303,55380,1544,4698,6828,41309,12814,4531,3554,4010,44113,3883,2959,2332,5746,3150,5168,22425,1648,5181,3946,197689,16912,357,4397,3422,9799,1312,8879,2829,161364,31246,4091,1025,52719,1904,3467,933,2131,14193,1586,7834,9389,2666,2835,22767,2200,3670,5208,4129,47390,24607,4426,33208,8969,1131,2221,141,2829,2355,438,1228,902,4030,18431,1295,12459,3410,4840,1656,4493,7502,8967,6728,22991,224,31567,5334,86,3654,4949,7487,7189,2964,6442,1685,3177,16076,5762,16333,1361,5653,8526,793,1522,287,7266,18856,9144,202572,6503,2518,3029,138,3047,23512,2459,2451,7290,1258,1905,22890,1914,2433,1863,4174,2323,3002,16459,5376,1990,2628,8595,8176,2501,1114270,2540,41791,1691,1331,2908
61,49601007.0,294037,663089,422812,44455,39458,80362,10275,202218,226946,28782,235400,13617,84602,3082493,62216,53767,24732,76930,161551,18055,937287,65568,9943,82619,22433,84098,87304,129009,25442,125495,320970,108596,51046,35595,76236,74625,6799,25001,62568,479789,19947,164872,6814,22004,15177,213219,28977,13114,19671,40851,71694,11410,7618,6191,21217,8325,63996,66186,8659,16025,24198,2072869,249373,943,12563,10920,82168,3719,33065,7577,627556,130718,15138,2323,48889,9164,47472,2656,5357,38260,3723,20260,18895,6422,7356,90414,5011,8831,7256,12446,375622,108379,38654,151016,29322,3184,6298,780,9826,14216,3078,3312,2249,10809,77275,3247,44952,33206,13540,4233,15524,30243,12965,18391,62723,1055,159394,23374,365,13183,9686,24891,18672,7060,22389,4415,8980,25633,16025,59164,3456,10977,19480,3357,3829,500,11577,76250,88321,1917838,15143,5302,9960,118,18560,378044,8394,8767,18381,4718,7589,46434,3717,8293,5526,16505,9451,9141,113543,28380,6016,8100,31421,16599,6512,10335464,10674,486677,4237,4106,9611
62,50829006.0,1715,4031,718,51,185,469,17,123,747,165,399,0,256,7339,653,147,17,179,124,20,10711,400,15,5796,49,107,304,58,36,98,73,63,81,46,203,944,59,118,232,4195,15,406,16,20,59,362,23,22,25,30,765,31,7,13,43,14,26,40,89,23,25,1502,69,5,15,20,88,14,87,16,4883,216,22,469,382,5,8,5,0,16,8,182,280,489,11,241,6,87,3,18,257,130,68,183,44,10,13,2,19,16,1,9,19,11,113,0,127,27,16,5,65,62,55,74,392,9,616,78,0,170,7,49,182,6,30,6,10,2801,27,142,3,13,3,29,5,1,79,114,98,1151,3,20,14,0,29,82,4,154,3,0,0,7134,3,14,13,20,10,7,196,42,13,20,60,27,3,16366,13,155,16,6,6
63,52448006.0,219072,420618,141332,23612,52434,72694,3212,38571,176094,35699,70460,6492,32763,915758,159051,26948,5793,51829,23351,3918,689922,77370,5437,191226,9332,46946,101139,37377,20216,20417,39803,20018,18086,20045,35134,81210,12713,12258,27592,672285,13124,127925,2927,7405,13713,100830,20330,5966,8184,11909,220443,6578,4423,3840,12777,4099,6820,34650,4835,7197,9095,486492,46843,326,9388,5013,21927,2909,17459,5441,478420,53815,11976,1989,557704,3614,5511,1471,3341,27670,2279,20797,42769,5619,4360,55518,4039,8366,9223,7125,72114,43730,15262,70861,18023,2287,3533,324,4041,6385,1459,2254,6063,13737,66365,1680,29071,8842,7801,2291,21697,19454,22394,10244,55116,585,95460,14620,192,7671,7879,16761,25805,3720,10081,2263,6196,41622,13977,38443,1915,8861,15889,1868,2374,383,71790,45860,36032,414442,8885,3850,4745,176,5013,43004,4016,6012,10141,1555,4528,73185,3164,3966,2727,9390,4930,5780,53890,14268,2822,3619,17051,21075,3610,4509500,4691,112135,2492,2230,5233
64,52702003.0,14904,17843,11470,1131,5130,3105,166,1219,16453,1631,2879,186,990,60556,2106,930,144,2218,1269,218,26181,4386,434,4316,698,1500,5178,686,507,479,1561,673,835,553,1389,2032,274,726,4973,55193,378,2932,83,199,5188,12045,665,151,214,747,3104,448,132,154,656,97,327,739,915,166,554,20993,1730,1,663,128,676,104,1553,72,51111,1924,534,188,2113,179,356,25,63,453,42,941,560,633,115,1874,122,387,367,465,2617,1478,576,2554,613,47,89,54,109,513,40,57,228,922,1716,32,1560,331,394,32,2175,1505,225,437,2958,101,5869,3495,12,348,355,727,3979,61,298,128,391,1943,428,1501,29,407,273,85,56,1,621,1375,986,19454,142,106,165,0,175,1985,94,339,428,30,247,5717,88,167,51,296,261,185,5698,348,155,182,818,585,82,209203,118,4901,93,75,176
65,53741008.0,50051,118665,91875,8030,7726,18778,1703,38709,45223,5463,39754,1786,15489,574458,10870,9814,4956,13214,27116,1416,104619,12144,1485,11195,3301,17780,11649,17431,5077,20005,72975,29675,9481,5946,14438,17035,1115,4988,4373,43209,3981,35541,1164,4022,2676,51367,5755,2305,3381,6250,11904,1137,1746,1249,3660,1347,12581,10897,1195,2532,3417,422606,43638,99,2601,1687,13294,774,8688,1933,88471,25304,1763,303,7861,1796,9419,493,832,4688,760,3382,2538,1038,1351,14461,769,1366,1295,1957,81290,21616,4486,31283,6303,671,1167,106,1461,2085,475,762,207,2147,16404,593,7462,2466,2410,724,2451,3914,2587,3259,11536,180,12884,3539,65,2071,1980,3788,2626,1243,3652,699,2205,3374,3282,6996,636,2060,4390,496,836,80,2039,13785,5471,416807,2883,898,1577,16,1937,80853,1141,1495,3467,559,1608,4280,803,1159,823,2634,1531,1871,20797,3859,818,1113,5687,3743,1387,1088246,1682,81749,732,812,1243
66,54150009.0,33403,72084,43830,10106,5891,15411,3196,22836,28121,4128,19353,3472,10491,117684,11346,14170,1765,8175,8212,1855,33796,11799,4078,12346,2534,18835,5421,8264,8179,7395,6046,9606,8077,12988,11983,12726,1720,2184,3399,12380,4758,29528,2485,7579,4028,26481,11207,4410,3119,2930,10415,2400,2815,2393,5027,3535,3502,26933,512,5508,4006,89210,8570,148,4683,3427,13269,1420,9265,1636,101371,17872,2667,568,7096,1576,2194,1299,2454,4920,1380,4660,6500,1923,2916,5736,2301,3462,2725,4166,31110,16851,5945,17269,9872,432,2232,33,2668,1235,354,574,404,2826,14655,1916,8248,2090,4910,2003,2680,4295,3504,5778,21099,125,4848,3071,86,3417,4871,5709,3533,3842,6344,1857,2826,6744,5129,3851,1993,5274,5805,1194,1767,213,3368,7379,3987,99385,8439,1995,3057,66,3142,4741,2891,1959,9974,2997,1558,7883,1551,2274,2162,2540,2238,2950,9349,2691,1845,2454,7735,3886,3179,233073,2723,20844,1745,1481,3361
67,56317004.0,71921,115958,178755,12160,40307,24360,8808,24735,144466,5285,43977,5324,21690,305610,19970,35641,2213,16410,13548,2018,82136,21344,4488,18792,5085,119451,27114,7122,25531,11005,14496,23066,52565,15420,159977,29391,3397,3723,25225,58280,14876,60697,4269,45111,5215,252463,23862,5155,3851,6094,21113,2481,4946,2755,7234,3527,18809,39990,3481,7258,6229,215331,14103,169,7456,3744,9444,1830,60164,1990,192222,93320,3290,606,9219,2354,4127,1849,3393,6206,1707,6016,7248,3153,3450,9571,2735,4751,3232,5215,51927,40412,3589,206559,24076,736,2770,370,2990,4358,1242,852,385,3415,142845,2063,5923,2818,5659,2484,3174,5151,5082,14553,24600,151,17257,4690,34,4027,6681,6739,4386,4539,9743,2231,4051,8437,4076,17233,2498,7549,6288,1094,2472,462,4115,34494,5202,324956,13011,1946,3478,306,3816,10551,3200,2126,11467,2127,3483,11775,2010,2388,2149,3703,2382,5809,19736,5952,1841,2531,10644,21107,3776,948606,2971,32550,2351,3969,4381
68,56925008.0,69688,139651,55375,11311,13459,21426,3021,15971,83882,5950,377251,4285,241545,239168,32594,12473,1627,15514,13441,4053,123596,36638,5601,25950,3867,15235,16835,7403,9951,9660,7249,9227,10181,9071,17164,25869,2797,3896,9214,58918,5634,39134,3575,3321,5013,33031,10359,5317,3103,4013,39582,2738,3993,1713,4484,2372,3810,19678,1287,4522,5680,119900,17046,362,3155,5120,6156,1331,6527,2416,131491,20938,5805,1593,13077,1447,2228,1015,1402,3316,1020,5776,9618,3945,1935,16472,3175,2843,2043,3477,33588,16662,4215,22899,6081,954,1821,195,1858,2127,220,739,590,3500,13221,893,7741,8292,7883,2199,2595,8616,6336,4446,18233,957,1086479,9286,85,3602,3420,18013,20627,2143,5478,1440,2231,9863,3774,758781,1372,3621,3777,1675,1227,323,3114,17447,14881,103463,6813,4927,2144,102,5158,8022,1532,1742,3918,1073,2095,13512,1243,1975,1462,2632,2552,2277,16741,3300,1144,1810,8858,4194,1701,618870,1912,48283,1718,1364,15835
69,57182000.0,51979,147423,81882,10352,57500,28583,1809,19919,51766,5617,35327,4028,16517,217526,12543,14295,2287,13992,16551,1987,59585,38397,3891,15644,4880,20799,13794,14715,13005,10746,10729,11530,25984,13042,24742,22717,1821,4235,6551,36557,6652,42724,1977,5981,11436,132734,14328,4350,4859,7746,15460,2377,3333,2410,7027,3201,4451,25666,1104,5866,6303,121078,16913,261,3686,3525,10759,1329,9565,1852,113201,37804,2817,672,12157,1807,2227,1092,2408,7213,1501,6564,6132,1948,2885,11242,2014,3005,2754,3947,34867,36022,3882,40863,7992,872,2415,86,3276,2928,298,704,530,4308,29850,1512,7731,3217,4517,1806,2895,5470,4631,5765,20724,220,13621,4330,80,3931,4652,5840,11175,3321,7459,1706,3037,6418,4962,8967,1665,5237,7581,872,1629,266,3716,29855,6310,138072,7817,1848,3168,118,2963,8621,2351,3336,8367,1476,2330,8426,1666,2795,1857,3501,2863,4038,14342,5965,1938,2633,8186,5626,3088,843078,2627,50874,1643,1591,3076
70,57406009.0,20463,30098,19062,1419,5523,5134,257,1728,12391,886,4158,267,1825,59097,1386,1752,216,2926,1685,138,15857,4048,223,2501,636,3442,5456,937,1121,685,1212,981,1356,1005,4611,3409,236,814,2837,13374,957,7922,107,800,1596,17115,1524,350,412,846,1843,262,378,237,657,246,601,1749,871,435,581,21677,920,3,907,340,1050,121,1580,197,21159,3856,475,48,1405,275,272,66,150,1380,169,1431,469,154,249,2592,169,188,277,486,4115,2877,1163,6881,1160,172,201,14,297,549,128,162,104,940,5228,97,1901,218,519,90,390,1590,444,660,2422,108,3988,950,20,831,425,636,1093,195,699,145,482,551,1131,1384,102,483,775,115,160,39,398,1924,554,26421,557,118,361,14,259,1310,489,419,614,84,203,1638,176,200,123,490,283,393,2488,827,163,192,1095,1132,251,149339,259,2812,122,202,220
71,59927004.0,156273,539480,172869,62409,28075,62934,7953,50702,186247,10572,72432,8046,31128,744647,29107,84979,4927,65413,32620,3645,196784,37308,7971,37000,10500,239428,113626,37102,26978,29821,51597,46610,40900,35568,67341,69533,5086,8511,21679,135130,17456,133125,7092,36566,10015,174989,29485,7917,8707,13375,34455,5074,8121,5594,24235,5826,10893,66168,3740,10562,12657,413035,41209,326,11426,6402,28103,3080,25518,4395,353680,191614,5700,1455,20114,4683,6677,2456,4235,14855,3083,11943,11743,4501,6256,25734,3904,6137,5321,8520,84665,64562,11882,452548,20832,1803,5063,700,5205,6677,1211,2035,911,7816,54341,2956,24957,5014,9199,3298,6010,12489,8385,11124,41371,786,45893,9307,245,7767,10895,13848,9090,6222,14517,3205,7747,13628,39031,17976,3408,10200,10557,2171,3643,585,7483,63981,10892,556152,15776,3234,5980,218,6090,49346,5080,5176,16277,5134,70946,20390,3332,5428,3469,13359,7323,7582,41995,13099,3742,5034,38994,14671,5676,2665441,5434,96678,3557,3503,5718
72,60862001.0,53125,79624,874685,7411,146297,17404,1931,11339,74385,13456,21892,2600,11730,506481,9640,10028,1496,8026,6151,1103,91292,38127,2269,13946,2940,9775,9757,3908,16703,6463,6919,7289,7368,8476,13485,40542,2675,4344,9786,260940,10042,43437,2637,2110,4173,27028,16475,2706,2254,2858,12580,1517,1974,1938,3794,1629,3852,20085,1066,4348,4764,94668,7091,134,2416,2027,5073,1215,5716,1143,68346,18594,2029,461,169402,1387,1683,1152,1756,2755,994,3882,3639,1405,1774,7018,1490,2637,1836,3572,31941,16877,3231,13836,5251,743,1694,62,1573,1656,169,771,221,2105,9076,869,5080,1626,2941,1274,2031,4110,3558,2897,12561,308,13003,3800,18,2614,3943,3620,4815,2225,5326,1294,2265,4146,3001,7496,1433,4383,3368,879,1339,424,2482,9246,3042,107161,8519,1166,1862,280,2055,6478,1739,1184,4438,955,2488,9211,1251,1331,1011,2159,1592,2200,11623,2268,692,1084,7227,3262,1823,371742,1549,73121,1598,1003,2245
73,61462000.0,61465,171198,48079,7779,7004,14728,1369,5819,360190,4853,20496,1738,9689,282159,8119,8843,894,10529,7965,1033,83693,8255,1264,11901,6686,9811,104558,5891,6376,4423,9057,6191,7891,8007,12253,16264,1425,2973,27022,43250,3120,28876,1158,2306,2399,41794,7163,1516,1674,5766,10614,7269,734,1348,7384,1096,2306,10991,5000,2097,5195,90788,5125,240,1980,1018,5081,652,6388,940,1362234,31774,1032,505,8414,480,941,381,436,3481,475,3992,2621,978,1118,8462,745,1354,704,2986,18326,13048,6376,16263,4097,726,1112,656,895,3753,573,629,365,1735,9816,177,24248,1603,1577,533,1827,2532,2506,2975,12061,417,41498,2337,390,1598,1200,3279,3164,650,3106,501,644,3105,2079,17628,283,1399,2018,1020,536,193,1576,13375,2890,178546,1716,743,672,65,975,8667,1026,1324,1280,187,3111,6067,524,2159,1335,1954,3487,1178,10533,3052,1561,1990,5577,3038,483,612185,737,16726,795,454,763
74,61599003.0,20513,44873,30723,5820,3772,9629,1048,11793,17544,2039,11348,1903,5836,77269,5776,7696,1088,4872,4025,973,21344,6013,2227,6587,1568,7045,4366,3234,6090,4383,4367,5425,5561,6700,8250,8451,1114,1176,5133,6445,3966,19900,1488,2207,2321,15896,7640,2402,1674,1486,5736,1093,1878,1378,2685,1747,2002,15202,398,3076,2435,55442,4681,67,1852,1803,4329,888,4068,929,41565,17606,1701,304,3675,1086,1535,775,1435,2280,842,2749,3492,1102,1654,3995,1234,1808,1479,2179,18606,11795,1806,10744,3976,309,1363,26,1455,882,82,317,189,1613,5839,1018,2356,1188,2742,1125,1516,2595,1975,2721,11949,49,3209,2344,4,2790,2724,3348,2027,2108,3653,993,1914,3642,2423,2091,1121,3048,2048,526,1109,135,1967,5720,2294,73747,5072,977,1666,71,1788,3432,1487,1006,5520,1008,924,4714,873,1196,1033,1935,1218,1782,6139,2662,947,1261,4470,2313,1864,175846,1487,11696,991,863,1890
75,62315008.0,549183,1744106,679525,144683,98365,226663,17306,245812,646411,67453,265534,44543,136723,2383253,150894,210887,22535,133900,108053,22844,656989,162626,50350,175702,50779,251623,127501,115243,142577,88905,105667,142407,229577,156083,179597,225458,18524,25183,241318,310835,76001,444462,20603,66460,51614,369381,160549,54939,42088,44458,172079,36236,36474,28646,73556,40241,41607,299977,18241,66276,49380,1282199,98127,3214,37268,36235,120892,14986,87694,21541,2268220,352387,31365,7512,122972,18039,23649,12883,28639,55372,17830,62785,79166,24233,34010,105011,25575,38054,29204,49584,411333,308783,48500,447309,86372,9351,28011,3754,33693,24987,3068,5206,6899,32832,116584,19565,110599,25975,57688,22736,33018,55345,50751,71392,282197,1782,108982,43886,1504,42517,52888,80252,63681,42156,78695,20982,32111,81220,63034,66303,19945,58358,47085,10987,19153,3058,43461,204435,50544,1437760,90682,24233,35262,1474,36491,92593,29754,28775,108138,20759,28000,102339,16494,32381,23977,33429,31165,34065,146775,39534,26153,35675,105316,44405,35008,4731581,30707,252086,19398,15671,37817
76,63102001.0,7994,46773,6087,803,1437,2443,186,1251,5275,1274,4230,145,2064,44236,2007,1837,221,1361,1530,298,10374,1621,452,3630,831,1544,466,1032,425,910,926,549,1625,1112,2534,1965,109,581,1371,8357,579,3755,135,633,600,2528,620,609,608,522,3253,261,356,263,764,442,276,1367,237,701,434,12152,556,123,518,348,896,81,736,196,12823,2655,410,349,2768,192,227,46,98,724,565,540,736,474,258,2556,206,389,253,456,3285,1449,274,2739,566,304,276,26,404,463,12,254,159,493,1200,56,1247,223,443,165,318,699,836,1106,2917,5,4816,531,4,360,283,682,773,230,703,189,349,1649,673,1419,65,314,517,48,106,31,613,1229,431,11176,364,343,323,4,305,1039,130,252,379,58,99,3034,237,390,312,646,262,213,1705,521,313,466,872,410,196,80717,314,1502,173,207,200
77,67362008.0,0,0,0,0,0,0,0,0,0,0,0,0,0,0,0,0,0,0,0,0,0,0,0,0,0,0,0,0,0,0,0,0,0,0,0,0,0,0,0,0,0,0,0,0,0,0,0,0,0,0,0,0,0,0,0,0,0,0,0,0,0,0,0,0,0,0,0,0,0,0,0,0,0,0,0,0,0,0,0,0,0,0,0,0,0,0,0,0,0,0,0,0,0,0,0,0,0,0,0,0,0,0,0,0,0,0,0,0,0,0,0,0,0,0,0,0,0,0,0,0,0,0,0,0,0,0,0,0,0,0,0,0,0,0,0,0,0,0,0,0,0,0,0,0,0,0,0,0,0,0,0,0,0,0,0,0,0,0,0,0,0,0,0,0,0,0,0,0,0,0,0
78,68566005.0,41439,100314,51498,7846,6180,13958,2281,8020,54742,3713,18377,2337,10695,147641,7454,10032,2074,7282,4919,890,37750,7883,1679,10012,2574,11799,9462,5942,6823,4692,5344,9203,5900,5848,12895,13876,1769,2553,4783,17271,6555,33504,2742,2656,2424,27280,7369,1910,2721,3832,7636,1481,1552,1375,3194,1398,2197,12990,1202,2814,3940,80920,5145,229,3225,1602,11199,935,4180,858,89384,13624,1585,401,7219,1529,2629,754,835,2860,769,2686,2552,1464,1366,6312,1024,1933,1332,2428,20591,10266,4123,16038,6350,727,1245,344,1189,1454,405,630,277,1962,8042,614,6507,1377,2210,814,1566,2943,4976,2513,11476,268,8630,2684,68,4221,2463,2897,2125,1433,3353,885,2505,3103,3383,4667,927,2636,6029,785,971,205,2096,6767,2073,113762,4650,780,1391,70,1419,4770,1286,1097,3203,1279,1509,5424,938,1141,837,1846,1416,1907,12718,2148,687,1064,5550,3389,1329,406378,1329,12770,1163,829,1324
79,69322001.0,46161,155481,67235,9583,17303,26106,1658,18878,53628,9884,24984,3224,12764,218050,162001,14946,1996,12262,9144,1960,218608,27195,3886,75000,4725,13472,15518,6780,14701,8023,10421,8856,10790,12702,18286,47308,12965,3118,6705,74209,8842,54434,2599,4059,5639,37184,16823,4636,3724,3598,174181,3769,2725,2583,5746,3173,4245,25917,943,5963,5150,122626,9309,328,3014,3014,7713,1447,7112,1785,106298,23728,2649,1840,33852,1590,1856,1309,2363,4316,1531,8959,26126,3935,2792,13095,4266,6340,2540,4196,40971,20173,4254,18914,7247,1058,2314,80,2587,2105,302,804,1207,2635,12803,1475,10455,2327,4443,1900,5419,4437,5078,5382,24356,263,15122,4322,54,4286,4830,5628,10152,3471,7249,1877,2459,26994,4669,9501,1789,5303,4112,908,1651,417,5215,8529,4460,129955,8991,1953,2741,234,3004,9500,2327,3904,7542,1441,2448,39069,1482,2551,1953,2408,2494,2692,17924,3133,1867,2609,8562,4468,2640,474956,2538,22241,1971,1283,3302
80,69896004.0,138346,223099,122377,16522,29379,36237,5133,27760,112255,10149,41152,4543,19004,524754,18908,34267,3049,69421,16102,2357,133382,27823,4601,21905,5376,221404,44741,10281,14067,16156,23029,17370,21845,15378,70150,28309,2834,7361,24983,101167,9631,61238,2482,38634,10217,234386,18106,5115,4730,6646,20304,3890,4250,3314,7809,3656,11880,28804,3179,5877,5215,258312,20021,198,32206,4025,12565,2076,33529,2349,280295,66266,8133,928,14958,2998,4790,1304,3278,34337,2621,8247,7957,2914,3599,32607,2442,3619,4495,4926,52859,34963,7654,313633,105606,1136,2883,197,3285,3791,1460,1761,661,29600,199891,1773,13561,3612,6353,1982,4758,17573,5396,10003,28335,355,21286,7485,198,4686,6339,9244,9268,3681,8262,2336,4622,8679,43265,11379,1812,6905,11372,1490,2081,307,4787,27171,7423,318021,8380,2243,3676,151,3764,23011,16761,3257,10446,1655,3037,12835,2395,2726,2143,6620,3078,4496,23392,9001,2153,2806,11034,14473,3597,1411059,3322,52531,1885,3312,5358
81,73211009.0,526123,1264955,510739,92249,165774,184995,21446,320677,550879,40025,290851,27861,148782,3721980,160788,123616,18542,144167,261878,18290,1103874,182313,22333,133649,205821,239718,233703,1704927,67144,368976,237239,136348,95791,73018,385494,238731,13920,222454,120944,904385,44211,289945,10417,56586,38171,526694,71687,28153,201780,749063,181842,21044,16565,13795,44914,30125,63136,137165,13622,81578,355725,1698479,287332,3465,30192,75302,793846,8263,79592,13873,1374081,263714,29397,4219,121683,14371,27092,5066,10844,119418,8269,42418,45140,11989,15724,131387,10777,16368,14290,24627,341773,164632,35539,387545,115761,6138,14355,2333,69473,165975,4968,23345,4642,25726,183321,6261,86636,33426,27177,9059,20150,50458,29180,37802,127846,2913,436053,52820,1175,44406,20915,47719,39931,14027,207542,8600,19384,48657,41455,204530,6831,23448,38838,5756,8107,2937,22427,442242,88064,1744743,32472,12264,70243,543,21897,201746,14243,20977,37441,6107,24917,79453,8153,16495,10590,73506,20941,18969,226794,36238,11104,15303,60346,36683,13749,71004449,22359,694219,8729,9158,15583
82,73442001.0,592,1845,504,103,149,123,22,109,583,37,153,55,74,2368,190,145,15,146,92,46,342,139,26,184,51,494,528,71,23,55,101,69,157,91,435,148,3,8,56,186,35,324,0,134,25,884,53,28,27,56,214,18,20,12,184,22,42,137,16,31,29,827,50,5,451,19,76,3,208,13,716,361,12,5,114,10,13,2,6,63,10,27,32,10,13,61,7,16,16,25,178,97,5,663,110,13,11,0,15,32,6,2,6,21,518,5,108,9,19,9,11,184,23,70,178,1,44,14,0,7,14,34,18,16,38,4,20,29,24,20,4,17,37,0,5,0,24,90,43,998,17,14,21,0,18,70,7,11,31,4,421,42,6,22,13,20,23,16,71,20,18,24,52,102,15,3534,16,134,7,316,13
83,74732009.0,81947,144954,45327,7100,27686,55855,2525,5346,54986,11291,31550,1443,11290,330525,136818,11714,1460,16156,4802,1277,604461,58041,1172,145667,3809,31481,40439,11265,4220,4958,15974,4842,5379,6437,13978,153950,15720,6296,10987,232614,2722,68742,3629,5831,9102,53604,3983,1142,5692,6259,176538,3967,1021,1952,7754,667,1888,10093,1485,1310,2385,133304,7719,80,3238,1478,4989,1248,9604,1410,259846,19083,2502,3160,47904,1021,1299,408,185,8157,852,49787,51054,6724,1152,12339,1910,4653,1139,823,21485,10792,7824,47692,6128,671,1590,528,1122,1313,563,893,1857,2164,16575,113,9275,2850,1479,550,6974,5144,3016,2615,28932,1163,73202,11368,196,9540,1008,5857,34318,459,2099,266,2082,57376,5462,23253,287,1380,6142,653,783,36,7249,11228,6509,123763,594,1331,893,2,1283,7918,708,30683,1694,121,2702,128149,575,3792,775,2281,6811,1639,26632,4949,601,900,3670,4795,759,1275259,971,21289,646,606,1130
84,75694006.0,100619,302187,124702,48855,24072,43098,5139,29133,134336,8260,45323,5794,20305,487469,22649,63474,3593,47918,23174,2746,127226,21886,5230,23672,9132,213966,38711,92434,23026,24250,26577,21838,28010,18671,47642,53268,3802,6823,8724,84828,16239,100354,4624,29636,6928,108914,24909,5701,8553,21913,29163,3276,5590,3608,9348,6718,8545,37144,2190,8312,9870,270129,27989,308,8483,10205,83857,2082,15295,2798,206568,111602,4041,805,15034,3519,4796,1705,3107,13498,2334,8194,7714,2871,4164,17518,2697,4555,3677,6705,66405,45007,7824,400805,13615,1943,3548,625,4316,6427,846,1392,552,5810,32085,1942,16394,4185,6592,2504,3700,8224,5955,8263,31562,523,13018,6507,157,5352,6802,10125,5490,4438,10827,2231,6049,8732,34597,10179,2374,7472,7339,1384,2658,463,5302,39335,8441,391417,12492,2435,8763,264,4449,27471,3467,3593,11368,1957,11444,13164,2506,3435,2405,7961,4308,5381,33572,8247,2429,3443,30542,9344,4292,1719572,4465,85543,2532,2382,4137
85,76376003.0,2749,3956,1404,93,367,379,43,97,2835,110,910,27,365,9122,167,261,18,4049,68,9,2369,350,3,292,75,251,676,68,175,82,362,119,101,58,398,405,31,322,450,1518,64,638,36,16,40,1076,115,1,60,90,252,16,16,10,70,1,58,63,68,11,42,3716,124,0,933,17,120,9,174,18,3227,1401,46,0,155,2,25,8,2,219,0,54,0,12,8,3672,0,18,10,27,521,655,138,476,100,0,8,4,18,48,1,33,0,23,254,0,266,12,7,0,26,99,93,60,151,45,575,82,0,247,21,15,44,0,24,0,4,27,44,334,0,28,35,18,8,0,8,2838,10,5161,4,15,9,0,12,183,8,28,185,0,23,94,10,6,0,61,35,14,518,224,4,7,91,60,0,23135,13,349,26,9,3
86,86044005.0,8883,26300,7698,898,2836,3276,142,741,11919,729,3555,283,1391,38018,1911,1167,257,4781,4425,252,22117,2904,262,4981,409,2557,2333,1018,961,1437,633,1119,982,1046,2355,2358,828,749,1202,22473,905,5925,190,340,881,30885,1112,355,349,525,2678,520,316,396,592,270,228,1092,190,332,388,12962,4751,32,849,337,701,204,758,154,23988,5443,293,142,7947,316,389,51,105,578,217,804,506,257,377,1809,188,208,872,344,2862,2445,711,8763,956,189,304,20,225,261,53,237,63,1293,8040,56,1410,824,354,56,398,903,806,453,1897,68,1533,458,16,308,532,527,596,128,501,166,524,615,1704,677,79,622,2043,144,144,49,533,2365,1440,24125,345,156,238,10,205,927,235,222,234,23,288,1723,293,196,118,790,280,333,1739,848,143,166,733,2416,155,176224,251,17059,143,143,132
87,709044004.0,39257,101249,63761,10746,10214,18776,1995,29086,59919,3251,25534,2983,10040,314160,7604,11300,2865,12083,27215,1116,53419,9658,1346,7418,5177,22351,18644,25117,6269,15327,42912,27004,10091,6669,18756,18781,837,5689,3078,25407,14482,38168,875,6194,2960,77110,8135,1855,3345,11436,8653,1310,2066,1653,5396,1386,34505,12330,955,2304,5436,252065,26317,43,3932,1703,18749,980,8511,1701,94528,29216,1732,350,6136,8134,12001,828,806,41096,1100,2926,2651,1039,1469,12680,811,1063,1296,2741,40275,13927,3393,38384,5678,802,1375,265,1522,3982,581,894,183,2835,19395,886,9250,1200,2309,583,1581,4188,1831,3100,11283,423,6272,3664,101,4399,2201,5195,2442,1051,3957,843,4742,2805,6194,4365,589,2018,3332,611,847,143,2139,15221,1827,289640,2620,728,1597,44,1472,46915,1136,1613,3272,389,3140,3574,909,2573,675,3103,2501,2609,19713,3458,1063,2579,5732,4146,1524,1137780,1868,49074,707,1086,1078
88,129103003.0,37996,61591,19798,3273,4479,7780,563,3314,24331,1628,10784,1321,5256,117955,3605,4632,433,8969,2036,402,35142,4600,729,5553,1332,4578,9468,1650,3747,2730,2240,4005,3069,2239,5657,6983,625,3558,11186,53017,1759,10543,647,846,2129,13084,3181,777,1019,1396,4896,634,871,494,1275,553,1075,3935,1247,1028,1148,45665,2075,59,3423,695,2184,291,2373,384,45684,17302,2800,139,3060,426,466,220,478,2534,314,1673,1109,440,514,12516,378,654,554,1038,8100,8967,1538,14544,1740,306,451,44,615,890,52,344,223,1082,6067,206,2951,434,1357,278,755,2109,1404,1476,4822,620,14790,3184,14,4099,931,2352,1487,481,1338,355,765,1900,2032,5160,249,1053,1052,280,346,65,764,13288,1161,50795,1410,448,615,32,615,2219,444,964,1547,206,501,4234,367,478,302,1475,713,737,7949,3033,331,461,2700,1220,501,340049,647,7636,512,338,572
89,195967001.0,387831,834790,308567,44978,40051,86048,346064,57716,273063,29933,96696,9112,46702,1715987,52468,1025444,6552,68342,34804,6652,517850,52681,11634,67774,18172,103419,227385,23014,38058,26454,40817,24984,36369,34702,157290,80581,7738,10277,109358,267136,20209,216997,6528,22475,15439,207033,39498,14979,12901,16954,56254,14995,7796,7921,17340,9481,12609,62075,13923,15627,16698,519790,32026,991,12887,8643,29478,48398,1467195,5783,1002357,102293,12064,2917,40972,7073,9487,2845,5610,20451,4821,18359,22994,7067,7715,43993,6459,9118,11486,14039,128173,59452,82905,216924,31142,4079,6669,1012,7458,9357,76409,2970,2398,10450,93816,3724,89533,9708,14757,10743,10928,22745,14592,155611,93386,1421,91972,16881,717,14391,12495,22484,16724,9645,21553,6455,7770,23600,22734,56926,5768,12459,13269,6183,3994,1149,13052,48623,19879,632411,18457,11687,7379,395,8838,39694,6449,9892,18740,3456,7587,42500,3847,7722,55064,8822,8519,7739,59114,12208,6434,8325,29998,28058,6572,2690105,6884,92114,5032,5586,8420
90,200936003.0,139116,276448,258495,12113,68306,37413,13895,15059,248439,8879,56392,2286,23545,661281,25745,54129,2197,27333,19321,1491,150145,29995,2569,18971,7257,277416,59135,6425,9271,12362,41483,28074,61589,8776,275250,29537,2252,7606,32851,119416,7483,64108,2110,86272,6721,630590,10662,2779,4434,9991,27933,2731,4478,2153,7780,1982,29114,22587,7318,3417,4360,376001,22283,258,16490,2262,8273,1172,110373,2062,386571,153962,2234,649,13661,2335,4017,641,1143,13197,1412,6060,4258,2121,2146,17357,1180,2289,2768,3280,44383,26820,11077,448405,74764,1427,1852,574,2024,7410,3185,1193,792,8109,321440,650,16390,2600,3028,997,3652,7231,3787,19266,17932,837,21331,7547,149,3068,3460,5298,7307,1549,7043,1002,3007,5383,70487,13619,764,3612,10522,1419,1120,174,3399,42887,5042,594742,3853,1460,1968,67,1988,29629,3007,3726,4306,602,2883,12926,1427,1979,1552,3948,2467,4776,26393,8320,1330,1929,7722,38705,1746,1873572,2173,64157,1376,6321,2950
91,233604007.0,216800,529901,267550,38270,31658,78030,40842,39694,430448,20452,77843,7276,35827,902955,40383,121781,4970,46598,22096,3305,274874,40686,6021,41290,13787,85766,81700,16841,37676,16333,42236,36343,26659,32813,64876,83201,10014,11642,32997,109300,20337,190948,5870,14765,10108,220061,37883,7105,9556,16638,45417,29269,5493,6342,20199,5094,9302,50105,6820,9369,14787,458299,27559,220,11119,6080,23335,3849,48258,4262,1698499,90536,6295,1139,27987,4317,7141,2235,3883,20183,3108,14404,13829,4519,6286,32507,3669,5874,5463,9790,98926,59601,57403,134430,38200,2684,5611,901,4472,8418,5684,2259,782,7777,60123,2422,208930,5415,8785,3039,7395,11419,9818,15928,47303,1104,51660,10612,4431,12008,8693,12746,8540,5123,12866,3062,7510,13225,16667,34154,2829,9358,15517,7083,3302,605,8545,54327,9707,703960,13077,3381,4807,251,5406,34662,6667,7064,15034,2271,10440,20065,3092,6632,5019,7630,8619,9494,56999,10483,4069,5529,25300,18037,4920,2022422,4500,71599,3344,2811,5228
92,698247007.0,85577,209328,329033,18615,15455,37658,3689,101928,109437,12194,88313,5334,27056,1188441,21602,22927,21544,23641,31361,2492,152166,27183,4538,26045,6593,27140,27585,16648,15743,22758,359054,42647,17459,15306,25498,46321,2882,9199,6960,46167,13025,102869,2814,5181,5661,87513,19082,6028,6776,8142,25428,3499,3528,2830,6937,3528,26588,30181,2271,7407,7134,1602301,68011,131,4045,4207,21349,1670,11773,23913,163180,52891,4086,661,13705,3656,23012,1494,3000,13311,1839,7522,8398,2793,3297,21757,2548,3899,3146,5142,218933,42673,9935,46912,11847,935,2606,375,3198,3784,1315,1189,611,3643,21596,1890,15549,5002,6580,2240,6490,6816,7387,6809,26180,443,24765,8095,128,4781,5680,7390,6976,3911,8343,2199,4740,10145,6199,17706,2007,6173,7667,1430,2071,305,4493,24753,8518,1109320,9249,2344,3461,168,4702,427009,2937,3552,10656,2156,3553,12259,1866,2767,2254,3822,3327,3716,52589,7027,2292,2969,12477,6782,3408,1076382,3310,112133,1974,1629,3719
